-- Adminer 4.7.8 MySQL dump

SET NAMES utf8;
SET time_zone = '+00:00';
SET foreign_key_checks = 0;
SET sql_mode = 'NO_AUTO_VALUE_ON_ZERO';

SET NAMES utf8mb4;

DROP TABLE IF EXISTS `crm_customers`;
CREATE TABLE `crm_customers` (
  `id` bigint(20) unsigned NOT NULL AUTO_INCREMENT,
  `first_name` varchar(255) COLLATE utf8mb4_unicode_ci DEFAULT NULL,
  `last_name` varchar(255) COLLATE utf8mb4_unicode_ci DEFAULT NULL,
  `email` varchar(255) COLLATE utf8mb4_unicode_ci DEFAULT NULL,
  `phone` varchar(255) COLLATE utf8mb4_unicode_ci DEFAULT NULL,
  `address` varchar(255) COLLATE utf8mb4_unicode_ci DEFAULT NULL,
  `skype` varchar(255) COLLATE utf8mb4_unicode_ci DEFAULT NULL,
  `website` varchar(255) COLLATE utf8mb4_unicode_ci DEFAULT NULL,
  `description` longtext COLLATE utf8mb4_unicode_ci DEFAULT NULL,
  `created_at` timestamp NULL DEFAULT NULL,
  `updated_at` timestamp NULL DEFAULT NULL,
  `deleted_at` timestamp NULL DEFAULT NULL,
  `status_id` bigint(20) unsigned DEFAULT NULL,
  PRIMARY KEY (`id`),
  KEY `status_fk_5655624` (`status_id`),
  CONSTRAINT `status_fk_5655624` FOREIGN KEY (`status_id`) REFERENCES `crm_statuses` (`id`)
) ENGINE=InnoDB DEFAULT CHARSET=utf8mb4 COLLATE=utf8mb4_unicode_ci;


DROP TABLE IF EXISTS `crm_documents`;
CREATE TABLE `crm_documents` (
  `id` bigint(20) unsigned NOT NULL AUTO_INCREMENT,
  `name` varchar(255) COLLATE utf8mb4_unicode_ci DEFAULT NULL,
  `description` longtext COLLATE utf8mb4_unicode_ci DEFAULT NULL,
  `created_at` timestamp NULL DEFAULT NULL,
  `updated_at` timestamp NULL DEFAULT NULL,
  `deleted_at` timestamp NULL DEFAULT NULL,
  `customer_id` bigint(20) unsigned DEFAULT NULL,
  PRIMARY KEY (`id`),
  KEY `customer_fk_5655641` (`customer_id`),
  CONSTRAINT `customer_fk_5655641` FOREIGN KEY (`customer_id`) REFERENCES `crm_customers` (`id`)
) ENGINE=InnoDB DEFAULT CHARSET=utf8mb4 COLLATE=utf8mb4_unicode_ci;


DROP TABLE IF EXISTS `crm_notes`;
CREATE TABLE `crm_notes` (
  `id` bigint(20) unsigned NOT NULL AUTO_INCREMENT,
  `note` longtext COLLATE utf8mb4_unicode_ci DEFAULT NULL,
  `created_at` timestamp NULL DEFAULT NULL,
  `updated_at` timestamp NULL DEFAULT NULL,
  `deleted_at` timestamp NULL DEFAULT NULL,
  `customer_id` bigint(20) unsigned DEFAULT NULL,
  PRIMARY KEY (`id`),
  KEY `customer_fk_5655635` (`customer_id`),
  CONSTRAINT `customer_fk_5655635` FOREIGN KEY (`customer_id`) REFERENCES `crm_customers` (`id`)
) ENGINE=InnoDB DEFAULT CHARSET=utf8mb4 COLLATE=utf8mb4_unicode_ci;


DROP TABLE IF EXISTS `crm_statuses`;
CREATE TABLE `crm_statuses` (
  `id` bigint(20) unsigned NOT NULL AUTO_INCREMENT,
  `name` varchar(255) COLLATE utf8mb4_unicode_ci DEFAULT NULL,
  `created_at` timestamp NULL DEFAULT NULL,
  `updated_at` timestamp NULL DEFAULT NULL,
  `deleted_at` timestamp NULL DEFAULT NULL,
  PRIMARY KEY (`id`)
) ENGINE=InnoDB DEFAULT CHARSET=utf8mb4 COLLATE=utf8mb4_unicode_ci;

INSERT INTO `crm_statuses` (`id`, `name`, `created_at`, `updated_at`, `deleted_at`) VALUES
(1,	'Lead',	'2021-12-23 12:13:11',	'2021-12-23 12:13:11',	NULL),
(2,	'Customer',	'2021-12-23 12:13:11',	'2021-12-23 12:13:11',	NULL),
(3,	'Partner',	'2021-12-23 12:13:11',	'2021-12-23 12:13:11',	NULL);

DROP TABLE IF EXISTS `index`;
CREATE TABLE `index` (
  `id` bigint(20) unsigned NOT NULL AUTO_INCREMENT,
  `header_title` longtext COLLATE utf8mb4_unicode_ci DEFAULT NULL,
  `header_text` longtext COLLATE utf8mb4_unicode_ci DEFAULT NULL,
  `content` longtext COLLATE utf8mb4_unicode_ci DEFAULT NULL,
  `created_at` timestamp NULL DEFAULT NULL,
  `updated_at` timestamp NULL DEFAULT NULL,
  PRIMARY KEY (`id`)
) ENGINE=InnoDB DEFAULT CHARSET=utf8mb4 COLLATE=utf8mb4_unicode_ci;

INSERT INTO `index` (`id`, `header_title`, `header_text`, `content`, `created_at`, `updated_at`) VALUES
(1,	'ა.(ა).ი.პ. ქალაქ გარდაბნის გარდაბნის  საბავშვო ბაგა-ბაღების გაერთიანება გაცნობებთ:',	'ცვლილება აღსაზრდელთა რეგისტრაციაში!!                                        2022-2023 სასწავლო წლისთვის  სასკოლო მზაობის ჯგუფების რეგისტრაცია  დაიწყება  01. 08. 2022წ. დილის 11 სთ-დან  10. 08. 2022წ 12 სთ-მდე.  ხოლო საყოველთაო რეგისტრაცია დაიწყება  10. 08. 2022 წ დილის  11 სთ-დან  20. 08. 2022წ 12 სთ-მდე.',	'<p><strong>ჩარიცხული ბავშვების წარმომადგენლებმა წარმოადგინეთ შემდეგი საბუთები ფილიალებში 21 ივნისიდან 9 ივლისის ჩათვლით:</strong></p><ol><li>ბავშვის დაბადების მოწმობის ასლი.</li><li>გარდაბანში</li><li>ცნობა ბავშვის რუსთავში რეგისტრაციის შესახებ გაცემული იუსტიციის სამინისტროს სსიპ \"სამოქალაქო სერვისების განვითარების სააგენტო\" (იუსტიციის სახლის) ან ოკუპირებული ტერიტორიიდან იძულებით გადაადგილებულ პირთა განსახლებისა და ლტოლვილთა სამინისტროს მიერ.</li><li>ჯანმრთელობის ცნობა.</li><li>2 ფოტო სურათი (3x4).</li></ol><p><strong>ვისი დოკუმენტაციაც არ იქნება სრულყოფილი და არ მოხდება ბავშვის იდენტიფიცირება სწორად, ავტომატურად გაირიცხება ფილიალიდან.</strong></p><p><strong>ნომერ 41 ფილიალში ჩასარიცხად ელექტრონულ რეგისტრაციაში მონაწილეობას იღებენ მხოლოდ ჭყონდიდელის დასახლებაში დარეგისტრირებული ახალგაზრდები.</strong></p>',	'2022-02-17 12:15:08',	'2022-06-29 05:39:03');

DROP TABLE IF EXISTS `kids`;
CREATE TABLE `kids` (
  `id` bigint(20) unsigned NOT NULL AUTO_INCREMENT,
  `name` varchar(255) COLLATE utf8mb4_unicode_ci NOT NULL,
  `lastname` varchar(255) COLLATE utf8mb4_unicode_ci NOT NULL,
  `id_number` varchar(25) COLLATE utf8mb4_unicode_ci NOT NULL,
  `date_of_birth` date NOT NULL,
  `created_at` timestamp NULL DEFAULT NULL,
  `updated_at` timestamp NULL DEFAULT NULL,
  `deleted_at` timestamp NULL DEFAULT NULL,
  `parent_guardian_id` bigint(20) unsigned NOT NULL,
  `branch_id` bigint(20) unsigned NOT NULL,
  `group_id` bigint(20) unsigned DEFAULT NULL,
  `kid_category_id` bigint(20) unsigned DEFAULT NULL,
  `addon_group_id` bigint(20) unsigned DEFAULT NULL,
  `kid_nationality_id` bigint(20) unsigned DEFAULT NULL,
  PRIMARY KEY (`id`),
  UNIQUE KEY `kids_id_number_unique` (`id_number`),
  KEY `parent_guardian_fk_5659351` (`parent_guardian_id`),
  KEY `branch_fk_5659352` (`branch_id`),
  KEY `group_fk_5659353` (`group_id`),
  KEY `kid_category_fk_5659353` (`kid_category_id`),
  KEY `addon_group_fk_5659353` (`addon_group_id`),
  KEY `kid_nationality_fk_5659353` (`kid_nationality_id`),
  CONSTRAINT `addon_group_fk_5659353` FOREIGN KEY (`addon_group_id`) REFERENCES `kindergarden_groups` (`id`),
  CONSTRAINT `branch_fk_5659352` FOREIGN KEY (`branch_id`) REFERENCES `kindergarden_branches` (`id`),
  CONSTRAINT `group_fk_5659353` FOREIGN KEY (`group_id`) REFERENCES `kindergarden_groups` (`id`),
  CONSTRAINT `kid_category_fk_5659353` FOREIGN KEY (`kid_category_id`) REFERENCES `kid_categories` (`id`),
  CONSTRAINT `kid_nationality_fk_5659353` FOREIGN KEY (`kid_nationality_id`) REFERENCES `kid_nationalities` (`id`),
  CONSTRAINT `parent_guardian_fk_5659351` FOREIGN KEY (`parent_guardian_id`) REFERENCES `parent_guardians` (`id`)
) ENGINE=InnoDB DEFAULT CHARSET=utf8mb4 COLLATE=utf8mb4_unicode_ci;

INSERT INTO `kids` (`id`, `name`, `lastname`, `id_number`, `date_of_birth`, `created_at`, `updated_at`, `deleted_at`, `parent_guardian_id`, `branch_id`, `group_id`, `kid_category_id`, `addon_group_id`, `kid_nationality_id`) VALUES
(1,	'მელისა',	'მამედოვა',	'12250006315',	'2019-03-14',	'2022-06-17 04:52:15',	'2022-06-20 07:56:05',	NULL,	1,	1,	2,	NULL,	NULL,	2),
(2,	'რაულ',	'ჯაფაროვი',	'12150006173',	'2018-06-16',	'2022-06-17 04:57:50',	'2022-06-20 07:57:15',	NULL,	2,	1,	3,	1,	NULL,	2),
(3,	'sad',	'sadsadasdsa',	'12312312312312',	'2022-06-20',	'2022-06-20 05:40:56',	'2022-06-20 05:41:06',	'2022-06-20 05:41:06',	2,	1,	1,	NULL,	NULL,	4),
(4,	'ალინა',	'ჯაბაროვა',	'12750006406',	'2019-09-05',	'2022-06-20 06:11:06',	'2022-06-20 08:04:50',	NULL,	4,	1,	2,	1,	17,	2),
(9,	'მარიამი',	'რაგიმოვა',	'01550198849',	'2019-07-18',	'2022-06-20 08:12:01',	'2022-06-20 08:12:01',	NULL,	5,	1,	2,	1,	NULL,	2),
(10,	'უზეირ',	'რუსტამოვი',	'01650207986',	'2019-11-23',	'2022-06-20 08:16:17',	'2022-06-20 08:16:17',	NULL,	6,	1,	2,	NULL,	NULL,	2),
(11,	'ელისა',	'ომაროვა',	'12650006324',	'2019-03-27',	'2022-06-20 08:19:13',	'2022-06-20 08:19:13',	NULL,	7,	1,	2,	NULL,	NULL,	2),
(12,	'სემა',	'მეხტიევა',	'01250167582',	'2018-04-18',	'2022-06-20 08:22:47',	'2022-06-20 08:22:47',	NULL,	8,	1,	3,	NULL,	NULL,	2),
(13,	'ასლი',	'მუსტაფაევა',	'01250198543',	'2019-07-10',	'2022-06-20 08:26:22',	'2022-06-20 08:26:22',	NULL,	9,	1,	2,	NULL,	NULL,	2),
(14,	'იუსიფ',	'მამედოვი',	'12250006135',	'2018-05-10',	'2022-06-20 08:40:22',	'2022-06-20 08:40:22',	NULL,	10,	1,	3,	NULL,	NULL,	2),
(15,	'აიან',	'იგიდოვა',	'01850192559',	'2019-04-11',	'2022-06-20 08:43:49',	'2022-06-20 08:43:49',	NULL,	11,	1,	2,	NULL,	NULL,	2),
(16,	'ემირ',	'ისაევი',	'01550192883',	'2019-04-18',	'2022-06-20 08:46:36',	'2022-06-20 08:46:36',	NULL,	12,	1,	2,	1,	NULL,	2),
(17,	'ელმირ',	'ისაევი',	'12550006242',	'2018-11-16',	'2022-06-20 08:49:11',	'2022-06-20 08:49:11',	NULL,	13,	1,	3,	1,	NULL,	2),
(18,	'ანანია',	'გულედანი',	'01150226736',	'2020-09-07',	'2022-06-20 09:47:50',	'2022-06-20 09:47:50',	NULL,	1,	3,	9,	1,	NULL,	1),
(21,	'მელისა',	'გასანოვა',	'12950006261',	'2018-12-15',	'2022-06-21 00:07:49',	'2022-06-21 00:07:49',	NULL,	15,	1,	3,	1,	NULL,	2),
(22,	'სემა',	'გასანოვა',	'12150006283',	'2019-01-19',	'2022-06-21 00:10:44',	'2022-06-21 00:10:44',	NULL,	16,	1,	2,	1,	NULL,	2),
(23,	'მელისა',	'გასანოვა',	'01550177173',	'2018-08-29',	'2022-06-21 00:15:19',	'2022-06-21 00:15:19',	NULL,	17,	1,	3,	1,	NULL,	2),
(24,	'მუჰამმედ',	'ალიევი',	'12450006240',	'2018-11-09',	'2022-06-21 00:17:45',	'2022-06-21 00:17:45',	NULL,	18,	1,	3,	1,	NULL,	2),
(25,	'საიდ',	'ალიევი',	'01150201548',	'2019-08-21',	'2022-06-21 01:41:02',	'2022-06-21 01:41:02',	NULL,	20,	1,	2,	NULL,	NULL,	2),
(26,	'ამილ',	'ალიევი',	'01650201549',	'2019-08-21',	'2022-06-21 01:44:59',	'2022-06-21 01:44:59',	NULL,	21,	1,	2,	NULL,	NULL,	2),
(27,	'ოღუზ',	'ალიევი',	'01750169308',	'2018-05-17',	'2022-06-21 01:47:04',	'2022-06-21 01:47:04',	NULL,	22,	1,	3,	NULL,	NULL,	2),
(28,	'იაგუთ',	'ალიევა',	'12450006270',	'2018-12-28',	'2022-06-21 01:50:34',	'2022-06-21 01:50:34',	NULL,	23,	1,	3,	NULL,	NULL,	2),
(29,	'ეგანა',	'ალახვერდიევა',	'01750209124',	'2019-12-09',	'2022-06-21 01:52:46',	'2022-06-21 01:52:46',	NULL,	24,	1,	2,	NULL,	NULL,	2),
(30,	'იასინ',	'ბაირამოვი',	'12450006269',	'2018-12-31',	'2022-06-21 01:54:59',	'2022-06-21 01:54:59',	NULL,	25,	1,	3,	NULL,	NULL,	2),
(31,	'რაფიკ',	'ნასიბოვი',	'01650159842',	'2017-12-26',	'2022-06-21 02:00:04',	'2022-06-21 02:00:04',	NULL,	26,	1,	4,	NULL,	NULL,	2),
(32,	'ნურლან',	'მამედოვი',	'12750006246',	'2018-11-28',	'2022-06-21 02:03:03',	'2022-06-21 02:03:03',	NULL,	27,	1,	3,	1,	NULL,	2),
(33,	'მადინა',	'სადიკოვა',	'12650006154',	'2018-06-16',	'2022-06-21 02:06:34',	'2022-06-21 02:06:34',	NULL,	28,	1,	3,	1,	NULL,	2),
(34,	'ნაზარ',	'მაკარიჩევი',	'01550179528',	'2018-10-02',	'2022-06-21 02:11:30',	'2022-06-21 02:11:30',	NULL,	29,	1,	3,	NULL,	NULL,	5),
(35,	'იუსიფ',	'მუხტაროვი',	'12250006156',	'2018-06-16',	'2022-06-21 06:44:28',	'2022-06-21 06:44:28',	NULL,	30,	1,	3,	1,	NULL,	2),
(36,	'ემირ',	'კაზიევი',	'01150171817',	'2018-06-22',	'2022-06-21 07:08:18',	'2022-06-21 07:08:18',	NULL,	31,	1,	3,	NULL,	NULL,	2),
(37,	'ამინა',	'კაციტაძე',	'01250178924',	'2018-09-24',	'2022-06-21 07:51:52',	'2022-06-21 07:51:52',	NULL,	32,	1,	3,	1,	NULL,	2),
(38,	'ასლან',	'კულიევი',	'12550006222',	'2018-09-14',	'2022-06-21 07:58:45',	'2022-06-21 07:58:45',	NULL,	33,	1,	3,	NULL,	NULL,	2),
(39,	'რენა',	'იბრაგიმოვა',	'12150006123',	'2018-04-26',	'2022-06-21 08:03:28',	'2022-06-21 08:03:28',	NULL,	34,	1,	3,	1,	NULL,	2),
(40,	'ალი',	'ზეინალოვი',	'01950172023',	'2018-06-24',	'2022-06-21 14:24:43',	'2022-06-21 14:24:43',	NULL,	35,	1,	3,	1,	NULL,	2),
(41,	'რუსლან',	'ვიდადოვი',	'12450005982',	'2017-09-06',	'2022-06-21 14:28:58',	'2022-06-21 14:28:58',	NULL,	36,	1,	4,	NULL,	NULL,	2),
(42,	'ფატიმა',	'კასუმოვა',	'01350166816',	'2018-04-05',	'2022-06-21 14:32:03',	'2022-06-21 14:32:03',	NULL,	37,	1,	3,	NULL,	NULL,	2),
(43,	'ემილ',	'გარიბოვ',	'12401109913',	'2018-03-21',	'2022-06-21 14:35:04',	'2022-06-21 14:35:04',	NULL,	38,	1,	3,	1,	NULL,	2),
(44,	'ფატიმა',	'გასანოვა',	'12650006054',	'2017-12-18',	'2022-06-21 14:37:27',	'2022-06-21 14:37:27',	NULL,	39,	1,	4,	NULL,	NULL,	2),
(45,	'აისუ',	'გასანოვა',	'12250006105',	'2018-03-18',	'2022-06-21 14:42:46',	'2022-06-21 14:42:46',	NULL,	40,	1,	3,	1,	NULL,	2),
(46,	'ემირ',	'ბაბაევი',	'12450006089',	'2018-02-22',	'2022-06-21 14:46:14',	'2022-06-21 14:46:14',	NULL,	41,	1,	3,	1,	NULL,	2),
(47,	'აისელ',	'ბაბაევა',	'01950172213',	'2018-06-27',	'2022-06-21 14:49:01',	'2022-06-21 14:49:01',	NULL,	42,	1,	3,	1,	NULL,	2),
(48,	'თამამ',	'ბაქიროვა',	'28850017464',	'2017-06-06',	'2022-06-21 14:58:13',	'2022-06-21 14:58:13',	NULL,	43,	1,	4,	NULL,	NULL,	2),
(49,	'გულლარ',	'ბაირამოვა',	'12950005983',	'2017-09-07',	'2022-06-21 15:01:06',	'2022-06-21 15:01:06',	NULL,	44,	1,	4,	1,	NULL,	2),
(50,	'აზად',	'ბაკიროვი',	'12301109931',	'2018-07-14',	'2022-06-21 15:05:31',	'2022-06-21 15:05:31',	NULL,	45,	1,	3,	NULL,	NULL,	2),
(51,	'ხანლარ',	'ახმედოვი',	'01450159767',	'2017-12-26',	'2022-06-21 15:08:30',	'2022-06-21 15:08:30',	NULL,	46,	1,	4,	NULL,	NULL,	2),
(52,	'სერხან',	'ამიროვი',	'12850006078',	'2018-02-03',	'2022-06-21 15:14:50',	'2022-06-21 15:14:50',	NULL,	47,	1,	3,	2,	NULL,	2),
(53,	'სეიმურ',	'ალიევი',	'01850176212',	'2018-08-17',	'2022-06-21 15:18:08',	'2022-06-21 15:18:08',	NULL,	48,	1,	3,	2,	NULL,	2),
(54,	'მელეი',	'ალიბეკოვა',	'12350006197',	'2018-08-26',	'2022-06-21 15:21:07',	'2022-06-21 15:21:07',	NULL,	49,	1,	3,	1,	NULL,	2),
(55,	'რამირ',	'ალიევი',	'12701109779',	'2018-03-22',	'2022-06-21 15:23:49',	'2022-06-21 15:23:49',	NULL,	50,	1,	3,	NULL,	NULL,	2),
(56,	'საფია',	'ხალილოვა',	'12901109564',	'2018-07-04',	'2022-06-21 15:26:58',	'2022-06-21 15:26:58',	NULL,	51,	1,	3,	1,	NULL,	2),
(57,	'ზილიმხან',	'ახმედოვი',	'12350005459',	'2015-11-13',	'2022-06-21 16:11:34',	'2022-06-21 16:11:34',	NULL,	52,	1,	4,	5,	NULL,	2),
(58,	'ნაზლი',	'მამედოვა',	'01950131417',	'2016-11-30',	'2022-06-21 16:14:03',	'2022-06-21 16:14:03',	NULL,	53,	1,	4,	NULL,	NULL,	2),
(59,	'რამალ',	'იბრაგიმოვი',	'12750005768',	'2016-11-26',	'2022-06-21 16:19:18',	'2022-06-21 16:19:18',	NULL,	54,	1,	4,	NULL,	NULL,	2),
(60,	'ალიჯან',	'ნასიბოვი',	'12650006174',	'2018-07-17',	'2022-06-21 16:22:12',	'2022-06-21 16:22:12',	NULL,	55,	1,	3,	NULL,	NULL,	2),
(61,	'აისუ',	'ახმედოვა',	'12850006178',	'2018-07-26',	'2022-06-21 16:24:53',	'2022-06-21 16:24:53',	NULL,	56,	1,	3,	1,	NULL,	2),
(62,	'ონურ',	'ალიევ',	'12250005707',	'2016-09-23',	'2022-06-21 16:27:45',	'2022-06-21 16:27:45',	NULL,	57,	1,	4,	1,	NULL,	2),
(63,	'ჯეირანი',	'გუსეინოვა',	'01250156969',	'2017-11-16',	'2022-06-21 16:30:25',	'2022-06-21 16:30:25',	NULL,	58,	1,	4,	NULL,	NULL,	2),
(64,	'ემილია',	'გასანოვა',	'12950005793',	'2017-01-03',	'2022-06-21 16:34:30',	'2022-06-21 16:34:30',	NULL,	59,	1,	4,	1,	NULL,	2),
(65,	'რავან',	'დურსუნოვი',	'12850005731',	'2016-10-11',	'2022-06-21 16:37:07',	'2022-06-21 16:37:07',	NULL,	60,	1,	4,	NULL,	NULL,	2),
(66,	'ისა',	'გუსეინოვი',	'12250006035',	'2017-11-08',	'2022-06-21 16:39:19',	'2022-06-21 16:39:19',	NULL,	61,	1,	4,	1,	NULL,	2),
(67,	'სეჰმან',	'დურსუნოვი',	'12250006025',	'2017-10-23',	'2022-06-21 16:43:06',	'2022-06-21 16:43:06',	NULL,	62,	1,	4,	NULL,	NULL,	2),
(68,	'აიშა',	'ეიუბოვა',	'01850128545',	'2016-10-23',	'2022-06-21 16:46:24',	'2022-06-21 16:46:24',	NULL,	63,	1,	4,	NULL,	NULL,	2),
(69,	'ნურაი',	'ისკანდაროვა',	'01750126777',	'2016-09-30',	'2022-06-21 16:49:14',	'2022-06-21 16:49:14',	NULL,	64,	1,	4,	NULL,	NULL,	2),
(70,	'გუნაი',	'მუსტაფაევა',	'01650132738',	'2016-12-16',	'2022-06-21 16:52:08',	'2022-06-21 16:52:08',	NULL,	65,	1,	4,	1,	NULL,	2),
(71,	'ემირ',	'კურბანოვი',	'12450005952',	'2017-07-14',	'2022-06-21 16:56:30',	'2022-06-21 16:56:30',	NULL,	66,	1,	4,	1,	NULL,	2),
(72,	'ემირ',	'ორუჯოვი',	'122250005777',	'2016-12-05',	'2022-06-21 23:54:17',	'2022-06-21 23:54:17',	NULL,	67,	1,	4,	1,	NULL,	2),
(73,	'სელიმ',	'მუსტაფაევი',	'01250147623',	'2017-07-14',	'2022-06-21 23:56:22',	'2022-06-21 23:56:22',	NULL,	68,	1,	4,	1,	NULL,	2),
(74,	'ჰუსეინ',	'კაგრამანოვი',	'01750140390',	'2017-04-04',	'2022-06-21 23:58:59',	'2022-06-21 23:58:59',	NULL,	69,	1,	4,	NULL,	NULL,	2),
(75,	'სევდა',	'რაგიმოვა',	'12550005754',	'2016-11-12',	'2022-06-22 00:01:49',	'2022-06-22 00:01:49',	NULL,	70,	1,	4,	1,	NULL,	2),
(76,	'ელიფ',	'რაჯაბოვა',	'01550126123',	'2016-09-22',	'2022-06-22 00:04:00',	'2022-06-22 00:04:00',	NULL,	71,	1,	4,	NULL,	NULL,	2),
(77,	'ალბინა',	'სადიკოვა',	'12650006024',	'2017-10-19',	'2022-06-22 00:07:41',	'2022-06-22 00:07:41',	NULL,	72,	1,	4,	NULL,	NULL,	2),
(78,	'ნურ',	'უსუპ კიზი',	'12901109434',	'2017-05-18',	'2022-06-22 00:10:18',	'2022-06-22 00:10:18',	NULL,	73,	1,	4,	NULL,	NULL,	2),
(79,	'ამილ',	'ხალილოვი',	'01150139482',	'2017-03-22',	'2022-06-22 00:12:54',	'2022-06-22 00:12:54',	NULL,	74,	1,	4,	NULL,	NULL,	2),
(80,	'ლალა',	'ასკიაროვა',	'12350005810',	'2017-01-20',	'2022-06-22 00:16:13',	'2022-06-22 00:16:13',	NULL,	75,	1,	4,	1,	NULL,	2),
(81,	'აილა',	'სადიკოვა',	'01750157158',	'2017-11-17',	'2022-06-22 00:18:50',	'2022-06-22 00:18:50',	NULL,	76,	1,	4,	1,	NULL,	2),
(82,	'ეიუბ',	'რაგიმოვი',	'12250005947',	'2017-07-04',	'2022-06-22 00:21:40',	'2022-06-22 00:21:40',	NULL,	77,	1,	4,	NULL,	NULL,	2),
(83,	'ნარმინ',	'მამედოვა',	'12650006044',	'2017-11-26',	'2022-06-22 00:23:54',	'2022-06-22 00:23:54',	NULL,	78,	1,	4,	NULL,	NULL,	2),
(84,	'საიალი',	'ვალიევა',	'12550005964',	'2017-08-02',	'2022-06-22 00:25:50',	'2022-06-22 00:25:50',	NULL,	79,	1,	4,	NULL,	NULL,	2),
(85,	'ელნარ',	'ისაევი',	'01850154157',	'2017-10-07',	'2022-06-22 00:27:52',	'2022-06-22 00:27:52',	NULL,	80,	1,	4,	NULL,	NULL,	2),
(86,	'ინჯი',	'მამედოვა',	'12250005847',	'2017-03-06',	'2022-06-22 00:29:52',	'2022-06-22 00:29:52',	NULL,	81,	1,	4,	NULL,	NULL,	2),
(87,	'კულუ',	'კულიევი',	'12650005796',	'2017-01-09',	'2022-06-22 00:31:49',	'2022-06-22 00:31:49',	NULL,	82,	1,	4,	1,	NULL,	2),
(88,	'მარია',	'ისმაილოვა',	'12450005892',	'2017-05-17',	'2022-06-22 00:34:21',	'2022-06-22 00:34:21',	NULL,	83,	1,	4,	NULL,	NULL,	2),
(89,	'ისა',	'კურბანოვი',	'01750140019',	'2017-03-31',	'2022-06-22 00:36:29',	'2022-06-22 00:36:29',	NULL,	84,	1,	4,	NULL,	NULL,	2),
(90,	'თემურ',	'იოლჩიევი',	'12550005904',	'2017-05-11',	'2022-06-22 00:38:52',	'2022-06-22 00:38:52',	NULL,	85,	1,	4,	1,	NULL,	2),
(91,	'აისუნ',	'ისმაილოვა',	'01550141213',	'2017-04-20',	'2022-06-22 00:41:09',	'2022-06-22 00:41:09',	NULL,	86,	1,	4,	NULL,	NULL,	2),
(92,	'გულნარა',	'გუსეინოვა',	'01150136158',	'2017-02-03',	'2022-06-22 00:43:24',	'2022-06-22 00:43:24',	NULL,	87,	1,	4,	1,	NULL,	2),
(93,	'ლეილა',	'ეიუბოვა',	'12150005735',	'2016-10-15',	'2022-06-22 00:45:25',	'2022-06-22 00:45:25',	NULL,	88,	1,	4,	NULL,	NULL,	2),
(94,	'მაქსუდ',	'ახმედოვი',	'12550005724',	'2016-10-03',	'2022-06-22 00:47:30',	'2022-06-22 00:47:30',	NULL,	89,	1,	4,	NULL,	NULL,	2),
(95,	'დენიზ',	'ახვერდოვა',	'01750137450',	'2017-02-23',	'2022-06-22 00:49:32',	'2022-06-22 00:49:32',	NULL,	90,	1,	4,	1,	NULL,	2),
(96,	'დამლა',	'ახმედოვა',	'01550163897',	'2018-02-22',	'2022-06-22 00:51:12',	'2022-06-22 00:51:12',	NULL,	91,	1,	3,	NULL,	NULL,	2),
(97,	'დენიზ',	'ახმედოვ',	'01150130382',	'2016-11-17',	'2022-06-22 00:53:42',	'2022-06-22 00:53:42',	NULL,	92,	1,	4,	NULL,	NULL,	2),
(98,	'სანან',	'ხალილოვ',	'12450005822',	'2017-02-07',	'2022-06-22 00:55:55',	'2022-06-22 00:55:55',	NULL,	93,	1,	4,	1,	NULL,	2),
(99,	'ხანლარ',	'ჯაბაროვი',	'12850005721',	'2016-10-03',	'2022-06-22 00:58:00',	'2022-06-22 00:58:00',	NULL,	94,	1,	4,	NULL,	NULL,	2),
(100,	'დანიელი',	'სისაური',	'12150005905',	'2017-05-12',	'2022-06-22 01:00:05',	'2022-06-22 01:00:05',	NULL,	95,	1,	4,	NULL,	NULL,	1),
(101,	'ჯუნელ',	'მუსაევა',	'01550127721',	'2016-10-14',	'2022-06-22 01:03:27',	'2022-06-22 01:03:27',	NULL,	96,	1,	4,	1,	NULL,	2),
(102,	'ლიკა',	'მუკვანი',	'12150006003',	'2017-09-27',	'2022-06-22 01:17:41',	'2022-06-22 01:17:41',	NULL,	97,	1,	4,	1,	NULL,	1),
(103,	'ფიდან',	'აგაკიშიევა',	'01850126599',	'2016-09-28',	'2022-06-22 01:19:26',	'2022-06-22 01:19:26',	NULL,	98,	1,	4,	NULL,	NULL,	2),
(104,	'ნიჯათ',	'ხიალოვი',	'12650005706',	'2016-09-23',	'2022-06-22 01:21:25',	'2022-06-22 01:21:25',	NULL,	99,	1,	4,	NULL,	NULL,	2),
(105,	'იუსუფ',	'ბაირამოვი',	'12450006069',	'2018-01-18',	'2022-06-22 01:28:01',	'2022-06-22 01:28:01',	NULL,	100,	1,	3,	1,	NULL,	2),
(106,	'ზეჰრა',	'ალიევა',	'01950169133',	'2018-05-14',	'2022-06-22 01:30:18',	'2022-06-22 01:30:18',	NULL,	101,	1,	3,	NULL,	NULL,	2),
(107,	'მურად',	'ალიევი',	'01850210551',	'2020-01-02',	'2022-06-22 01:50:54',	'2022-06-22 01:54:25',	NULL,	102,	4,	13,	NULL,	NULL,	2),
(108,	'იუსიფ',	'ალიევი',	'01450176403',	'2018-08-20',	'2022-06-22 01:56:52',	'2022-06-22 01:56:52',	NULL,	103,	4,	14,	NULL,	NULL,	2),
(109,	'მეხრიბან',	'ალიევა',	'01350184389',	'2018-12-07',	'2022-06-22 02:08:14',	'2022-06-22 02:08:14',	NULL,	104,	4,	15,	NULL,	NULL,	2),
(110,	'აილა',	'ახმედოვა',	'0195017061',	'2019-06-20',	'2022-06-22 02:10:42',	'2022-06-22 02:10:42',	NULL,	105,	4,	14,	NULL,	NULL,	2),
(111,	'გულბაიაზ',	'გასანოვა',	'01750181125',	'2018-10-19',	'2022-06-22 02:13:39',	'2022-06-22 02:13:39',	NULL,	106,	4,	15,	NULL,	NULL,	2),
(112,	'ემინ',	'ზეინალოვი',	'01550180383',	'2018-10-10',	'2022-06-22 02:16:00',	'2022-06-22 02:16:00',	NULL,	107,	4,	15,	1,	NULL,	2),
(113,	'ჰავა',	'კასუმოვა',	'12650006234',	'2018-10-27',	'2022-06-22 02:17:42',	'2022-06-22 02:17:42',	NULL,	108,	4,	15,	NULL,	NULL,	2),
(114,	'ბაირამ',	'კურბანოვი',	'01250184687',	'2018-12-11',	'2022-06-22 02:30:09',	'2022-06-22 02:30:09',	NULL,	109,	4,	15,	NULL,	NULL,	2),
(115,	'მერდ',	'მურადოვი',	'01350185167',	'2018-12-19',	'2022-06-22 02:38:20',	'2022-06-22 02:38:20',	NULL,	110,	4,	15,	NULL,	NULL,	2),
(116,	'ალიდა',	'ოსმანოვა',	'01250186723',	'2019-01-12',	'2022-06-22 02:41:00',	'2022-06-22 02:41:00',	NULL,	111,	4,	14,	NULL,	NULL,	2),
(117,	'თემურ',	'პირიევი',	'12750006216',	'2018-09-28',	'2022-06-22 02:51:02',	'2022-06-22 02:51:02',	NULL,	112,	4,	15,	NULL,	NULL,	2),
(118,	'მარიამ',	'გუსეინოვა',	'01650188817',	'2019-02-13',	'2022-06-22 02:55:41',	'2022-06-22 02:55:41',	NULL,	113,	4,	14,	NULL,	NULL,	2),
(119,	'ჯანსუ',	'ისმაილოვა',	'12450006400',	'2019-08-26',	'2022-06-22 03:01:41',	'2022-06-22 03:01:41',	NULL,	114,	4,	14,	1,	NULL,	2),
(120,	'ნეიმატ ალი',	'აბასოვი',	'01150196175',	'2019-06-08',	'2022-06-22 03:04:36',	'2022-06-22 03:04:36',	NULL,	115,	4,	14,	NULL,	NULL,	2),
(121,	'ალექსანდრა',	'ადამოვა',	'12950006351',	'2019-05-20',	'2022-06-22 03:07:08',	'2022-06-22 03:07:08',	NULL,	116,	4,	14,	4,	NULL,	5),
(122,	'ფოლად',	'მამედოვი',	'01250180066',	'2018-10-07',	'2022-06-22 03:14:00',	'2022-06-22 03:14:00',	NULL,	117,	4,	15,	NULL,	NULL,	2),
(123,	'ფარიდ',	'მამედოვი',	'12450006210',	'2018-09-21',	'2022-06-22 03:16:07',	'2022-06-22 03:16:07',	NULL,	118,	4,	15,	NULL,	NULL,	2),
(124,	'აიშა',	'ალიევა',	'01350176751',	'2018-08-22',	'2022-06-22 03:18:18',	'2022-06-22 03:18:18',	NULL,	119,	4,	15,	NULL,	NULL,	2),
(125,	'ბინნათ',	'ახმედოვი',	'12950006191',	'2018-08-16',	'2022-06-22 03:20:19',	'2022-06-22 03:20:19',	NULL,	120,	4,	15,	NULL,	NULL,	2),
(126,	'ომარ',	'ახმედოვი',	'01350175613',	'2018-08-11',	'2022-06-22 03:22:26',	'2022-06-22 03:22:26',	NULL,	121,	4,	15,	NULL,	NULL,	2),
(127,	'ელვინა',	'ისმაილოვა',	'01650177665',	'2018-09-06',	'2022-06-22 03:25:41',	'2022-06-22 03:25:41',	NULL,	122,	4,	15,	NULL,	NULL,	2),
(128,	'ნიჯათ',	'იუსუბოვი',	'12450006200',	'2018-09-03',	'2022-06-22 03:27:32',	'2022-06-22 03:27:32',	NULL,	123,	4,	15,	NULL,	NULL,	2),
(129,	'ალექსანდრე',	'ავრო',	'12550006132',	'2018-05-07',	'2022-06-22 03:32:36',	'2022-06-22 03:32:36',	NULL,	124,	4,	15,	NULL,	NULL,	5),
(130,	'რენად',	'ალიევი',	'12850006048',	'2017-11-30',	'2022-06-22 03:35:16',	'2022-06-22 03:35:16',	NULL,	125,	4,	16,	NULL,	NULL,	2),
(131,	'მალიკ',	'ალიევი',	'12750006076',	'2018-01-31',	'2022-06-22 03:37:17',	'2022-06-22 03:37:17',	NULL,	126,	4,	15,	NULL,	NULL,	2),
(132,	'ფარიდ',	'ალიევი',	'01450159897',	'2017-12-27',	'2022-06-22 03:39:20',	'2022-06-22 03:39:20',	NULL,	127,	4,	16,	NULL,	NULL,	2),
(133,	'ბარიშ',	'ამიროვი',	'01150161733',	'2018-01-24',	'2022-06-22 03:42:17',	'2022-06-22 03:42:17',	NULL,	128,	4,	15,	NULL,	NULL,	5),
(134,	'ასლან',	'ასლანოვი',	'01450166448',	'2018-04-03',	'2022-06-22 03:44:50',	'2022-06-22 03:44:50',	NULL,	129,	4,	15,	NULL,	NULL,	2),
(135,	'ამინ',	'ახმედოვი',	'12950006041',	'2017-11-22',	'2022-06-22 03:46:48',	'2022-06-22 03:46:48',	NULL,	130,	4,	16,	NULL,	NULL,	2),
(136,	'ნიჯათ',	'ახმედოვი',	'12450006020',	'2017-10-16',	'2022-06-22 03:53:38',	'2022-06-22 03:53:38',	NULL,	131,	4,	16,	NULL,	NULL,	2),
(137,	'ზეჰრა',	'ახმედოვა',	'01750160858',	'2018-01-12',	'2022-06-22 03:57:01',	'2022-06-22 03:57:01',	NULL,	132,	4,	15,	NULL,	NULL,	2),
(138,	'როიალ',	'ბაირამოვი',	'12650006064',	'2018-01-11',	'2022-06-22 04:00:06',	'2022-06-22 04:00:06',	NULL,	133,	4,	15,	NULL,	NULL,	2),
(139,	'ფაშა',	'გუსეინოვი',	'01750168391',	'2018-04-30',	'2022-06-22 04:02:20',	'2022-06-22 04:02:20',	NULL,	134,	4,	15,	NULL,	NULL,	2),
(140,	'ეშგინ',	'თალიბოვი',	'01350161997',	'2018-01-27',	'2022-06-22 04:04:42',	'2022-06-22 04:04:42',	NULL,	135,	4,	15,	NULL,	NULL,	2),
(141,	'იუხანა',	'იაკუბოვი',	'12750006096',	'2018-02-26',	'2022-06-22 04:07:00',	'2022-06-22 04:07:00',	NULL,	136,	4,	15,	NULL,	NULL,	5),
(142,	'მელისსა',	'იავუზ',	'01850162696',	'2018-02-07',	'2022-06-22 04:10:14',	'2022-06-22 04:10:14',	NULL,	137,	4,	15,	NULL,	NULL,	2),
(143,	'ინთიზამ',	'იბრაგიმოვი',	'01650155901',	'2017-11-01',	'2022-06-22 04:14:19',	'2022-06-22 04:14:19',	NULL,	138,	4,	16,	NULL,	NULL,	2),
(144,	'თალიფ',	'იბრაგიმოვ',	'12350006067',	'2018-01-12',	'2022-06-22 05:02:07',	'2022-06-22 05:02:07',	NULL,	139,	4,	15,	NULL,	NULL,	2),
(145,	'ალსუ',	'ისმაილოვა',	'12250006005',	'2017-09-29',	'2022-06-22 05:05:24',	'2022-06-22 05:05:24',	NULL,	140,	4,	16,	NULL,	NULL,	2),
(146,	'იასინმირაჩ',	'იუსიფოვ',	'12350006147',	'2018-05-28',	'2022-06-22 05:08:16',	'2022-06-22 05:08:16',	NULL,	141,	4,	15,	NULL,	NULL,	2),
(147,	'აიდან',	'იუსუბოვა',	'12750006156',	'2018-06-18',	'2022-06-22 05:11:02',	'2022-06-22 05:11:02',	NULL,	142,	4,	15,	NULL,	NULL,	2),
(148,	'ნურაი',	'იუსუბოვა',	'01650166933',	'2018-04-06',	'2022-06-22 05:13:44',	'2022-06-22 05:13:44',	NULL,	143,	4,	15,	NULL,	NULL,	2),
(149,	'სარიდა',	'იუსუბოვა',	'01350160090',	'2017-12-30',	'2022-06-22 05:17:27',	'2022-06-22 05:17:27',	NULL,	144,	4,	16,	NULL,	NULL,	2),
(150,	'ხათიძა',	'კაზუმოვა',	'0125016005',	'2018-01-13',	'2022-06-22 05:24:33',	'2022-06-22 05:24:33',	NULL,	145,	4,	15,	NULL,	NULL,	2),
(151,	'თამამ',	'კასუმოვა',	'12150006013',	'2017-10-04',	'2022-06-22 05:26:47',	'2022-06-22 05:26:47',	NULL,	146,	4,	16,	NULL,	NULL,	2),
(152,	'ნასიბ',	'კიაზიმოვი',	'01250171769',	'2018-06-20',	'2022-06-22 05:30:33',	'2022-06-22 05:30:33',	NULL,	147,	4,	15,	NULL,	NULL,	2),
(153,	'გურამ',	'კუკანაშვილი',	'01201143070',	'2018-04-04',	'2022-06-22 05:33:21',	'2022-06-22 05:33:21',	NULL,	148,	4,	15,	NULL,	NULL,	1),
(154,	'მურად',	'მამედოვი',	'01350172839',	'2018-07-06',	'2022-06-22 05:35:22',	'2022-06-22 05:35:22',	NULL,	149,	4,	15,	NULL,	NULL,	2),
(155,	'ნაილ',	'მამედოვი',	'01350160330',	'2018-01-04',	'2022-06-22 05:37:19',	'2022-06-22 05:37:19',	NULL,	150,	4,	15,	NULL,	NULL,	2),
(156,	'ლალე',	'მამედოვა',	'01150162351',	'2018-02-01',	'2022-06-22 05:39:33',	'2022-06-22 05:39:33',	NULL,	151,	4,	15,	NULL,	NULL,	2),
(157,	'ლაილე',	'მამიშოვა',	'01950170247',	'2018-05-31',	'2022-06-22 05:42:09',	'2022-06-22 05:42:09',	NULL,	152,	4,	15,	NULL,	NULL,	2),
(158,	'იუსიფ',	'მახმუდოვი',	'01350155074',	'2017-10-18',	'2022-06-22 05:44:57',	'2022-06-22 05:44:57',	NULL,	153,	4,	16,	NULL,	NULL,	2),
(159,	'აილინ',	'მუსაევა',	'01350158907',	'2017-12-12',	'2022-06-22 05:47:18',	'2022-06-22 05:47:18',	NULL,	154,	4,	16,	NULL,	NULL,	2),
(160,	'საჰილ',	'მუსაევი',	'01750154845',	'2017-10-16',	'2022-06-22 05:49:24',	'2022-06-22 05:49:24',	NULL,	155,	4,	16,	NULL,	NULL,	2),
(161,	'ჯანსუ',	'მუსაევა',	'12150006033',	'2017-11-03',	'2022-06-22 05:51:33',	'2022-06-22 05:51:33',	NULL,	156,	4,	16,	NULL,	NULL,	2),
(162,	'მურაზ',	'ოსმანოვი',	'12350006137',	'2018-05-14',	'2022-06-22 05:55:22',	'2022-06-22 05:55:22',	NULL,	157,	4,	15,	NULL,	NULL,	2),
(163,	'მეხდი',	'აბდულლაევ',	'28301133991',	'2018-09-16',	'2022-06-22 05:59:03',	'2022-06-22 05:59:03',	NULL,	158,	1,	3,	NULL,	NULL,	2),
(164,	'ასმინ',	'ოსმანოვა',	'12850006138',	'2018-05-14',	'2022-06-22 06:03:50',	'2022-06-22 06:03:50',	NULL,	159,	4,	15,	NULL,	NULL,	2),
(165,	'დამლა',	'სადიკოვა',	'12350006107',	'2018-03-20',	'2022-06-22 06:09:50',	'2022-06-22 06:09:50',	NULL,	160,	4,	15,	NULL,	NULL,	2),
(166,	'ალინა',	'ქიარიმოვა',	'12750006036',	'2017-11-14',	'2022-06-22 06:14:14',	'2022-06-22 06:14:14',	NULL,	161,	4,	16,	NULL,	NULL,	2),
(167,	'ნარმინ',	'ქიარიმოვა',	'12250006015',	'2017-10-04',	'2022-06-22 06:16:41',	'2022-06-22 06:16:41',	NULL,	162,	4,	16,	NULL,	NULL,	2),
(168,	'ჰუსეინ',	'კიარიმოვი',	'12450006120',	'2018-04-17',	'2022-06-22 06:56:15',	'2022-06-22 06:56:15',	NULL,	163,	4,	15,	NULL,	NULL,	2),
(169,	'შაჰზადე',	'ხალილოვა',	'01350153498',	'2017-09-30',	'2022-06-22 06:59:55',	'2022-06-22 06:59:55',	NULL,	164,	4,	16,	NULL,	NULL,	NULL),
(170,	'იური',	'ხასკო',	'28101133216',	'2018-05-31',	'2022-06-22 07:04:11',	'2022-06-22 07:04:11',	NULL,	165,	4,	15,	NULL,	NULL,	5),
(171,	'მაჰმუდ',	'ალიევი',	'01850156363',	'2017-11-07',	'2022-06-22 07:06:44',	'2022-06-22 07:06:44',	NULL,	166,	4,	16,	NULL,	NULL,	NULL),
(172,	'ემილია',	'აბდულაევა',	'01950134001',	'2017-01-06',	'2022-06-22 07:20:32',	'2022-06-22 07:20:32',	NULL,	167,	4,	16,	NULL,	NULL,	2),
(173,	'დანიელ',	'ავრო',	'12750005858',	'2017-04-15',	'2022-06-22 07:24:09',	'2022-06-22 07:24:09',	NULL,	168,	4,	16,	NULL,	NULL,	5),
(174,	'ლიკა',	'ავალიანი',	'01450135747',	'2017-01-29',	'2022-06-22 07:26:32',	'2022-06-22 07:26:32',	NULL,	169,	4,	16,	NULL,	NULL,	1),
(175,	'ლამან',	'ალიევა',	'01550138073',	'2017-04-02',	'2022-06-22 07:30:14',	'2022-06-22 07:30:14',	NULL,	170,	4,	16,	NULL,	NULL,	2),
(176,	'მერთ',	'ალიევი',	'12950005853',	'2017-04-12',	'2022-06-22 07:34:30',	'2022-06-22 07:34:30',	NULL,	171,	4,	16,	NULL,	NULL,	2),
(177,	'იუსიფ',	'ასლანოვი',	'12450005722',	'2016-10-03',	'2022-06-22 07:47:57',	'2022-06-22 07:47:57',	NULL,	172,	4,	16,	NULL,	NULL,	NULL),
(178,	'ელანურ',	'ახმედოვა',	'12450006079',	'2017-04-25',	'2022-06-22 07:52:35',	'2022-06-22 07:52:35',	NULL,	173,	4,	16,	NULL,	NULL,	2),
(179,	'იუსიფ',	'ახმედოვი',	'01350133139',	'2016-12-22',	'2022-06-22 07:57:14',	'2022-06-22 07:57:14',	NULL,	174,	4,	16,	NULL,	NULL,	2),
(180,	'კარა',	'შამილოვი',	'12150006093',	'2018-02-27',	'2022-06-22 09:52:29',	'2022-06-22 09:52:29',	NULL,	1,	3,	9,	1,	NULL,	2),
(209,	'თუნჯაი',	'ახმედოვი',	'12450005962',	'2017-07-30',	'2022-06-22 12:50:22',	'2022-06-22 12:50:22',	NULL,	176,	4,	16,	NULL,	NULL,	2),
(210,	'ოქმენ',	'აშიროვა',	'01650134634',	'2017-01-13',	'2022-06-22 12:54:21',	'2022-06-22 12:54:21',	NULL,	177,	4,	16,	NULL,	NULL,	2),
(211,	'გუნეშ',	'ბაბაევა',	'01150151398',	'2017-09-04',	'2022-06-22 12:57:06',	'2022-06-22 12:57:06',	NULL,	178,	4,	16,	NULL,	NULL,	2),
(212,	'ალინა',	'ბაირამოვა',	'12350005839',	'2017-02-28',	'2022-06-22 12:59:40',	'2022-06-22 12:59:40',	NULL,	179,	4,	16,	NULL,	NULL,	2),
(213,	'რეზი',	'ბეშიძე',	'01950151136',	'2017-08-29',	'2022-06-22 13:05:02',	'2022-06-22 13:05:02',	NULL,	180,	4,	16,	NULL,	NULL,	1),
(214,	'ემილ',	'იბრაგიმოვი',	'12150005715',	'2016-09-27',	'2022-06-22 13:08:03',	'2022-06-22 13:08:03',	NULL,	181,	4,	16,	NULL,	NULL,	2),
(215,	'მელისა',	'იბრაგიმოვა',	'12350005969',	'2017-08-13',	'2022-06-22 13:11:26',	'2022-06-22 13:11:26',	NULL,	182,	4,	16,	NULL,	NULL,	2),
(216,	'ჯავად',	'ისმაილოვი',	'12350005850',	'2017-03-10',	'2022-06-22 14:40:41',	'2022-06-22 14:40:41',	NULL,	183,	4,	16,	1,	NULL,	2),
(217,	'აიჯან',	'კასუმოვა',	'12550005794',	'2017-01-06',	'2022-06-22 14:44:24',	'2022-06-22 14:44:24',	NULL,	184,	4,	16,	NULL,	NULL,	2),
(218,	'ნიგარ',	'ისკანდაროვა',	'12450005832',	'2017-02-14',	'2022-06-22 14:50:10',	'2022-06-22 14:50:10',	NULL,	185,	4,	16,	NULL,	NULL,	2),
(219,	'ბაირამ',	'კასუმოვი',	'01450135197',	'2017-01-20',	'2022-06-22 14:54:32',	'2022-06-22 14:54:32',	NULL,	186,	4,	16,	NULL,	NULL,	2),
(220,	'ნადეჟდა',	'ლაზარევა',	'01650145436',	'2017-06-18',	'2022-06-22 14:57:15',	'2022-06-22 14:57:15',	NULL,	187,	4,	16,	NULL,	NULL,	5),
(221,	'ზაურ',	'მამედოვი',	'12750005888',	'2017-03-27',	'2022-06-22 14:59:34',	'2022-06-22 14:59:34',	NULL,	188,	4,	16,	NULL,	NULL,	2),
(222,	'ელიფ',	'მამედოვა',	'01350142786',	'2017-05-12',	'2022-06-22 15:02:11',	'2022-06-22 15:02:11',	NULL,	189,	4,	16,	NULL,	NULL,	2),
(223,	'ფათიჰ',	'მამედოვი',	'12750005878',	'2017-04-12',	'2022-06-22 15:04:15',	'2022-06-22 15:04:15',	NULL,	190,	4,	16,	NULL,	NULL,	2),
(224,	'ილიაზ',	'მამედოვი',	'12450005852',	'2017-03-12',	'2022-06-22 15:06:16',	'2022-06-22 15:06:16',	NULL,	191,	4,	16,	NULL,	NULL,	2),
(225,	'აითან',	'მამედოვა',	'12950005783',	'2016-12-14',	'2022-06-22 15:08:25',	'2022-06-22 15:08:25',	NULL,	192,	4,	16,	1,	NULL,	2),
(226,	'ნილაი',	'მამედოვა',	'01650151749',	'2017-09-06',	'2022-06-22 15:28:45',	'2022-06-22 15:28:45',	NULL,	193,	4,	16,	NULL,	NULL,	2),
(227,	'დენიზ',	'მამედოვა',	'12350005849',	'2017-03-07',	'2022-06-22 15:31:47',	'2022-06-22 15:31:47',	NULL,	194,	4,	20,	NULL,	NULL,	2),
(228,	'საიალი',	'მამიშოვა',	'12250005837',	'2017-02-22',	'2022-06-22 15:35:29',	'2022-06-22 15:35:29',	NULL,	195,	4,	16,	NULL,	NULL,	2),
(229,	'თამერლან',	'მუსაევი',	'12350005730',	'2016-10-10',	'2022-06-22 15:38:49',	'2022-06-22 15:38:49',	NULL,	196,	4,	16,	NULL,	NULL,	2),
(230,	'ელვინა',	'მურადოვა',	'01150143829',	'2017-05-25',	'2022-06-22 15:41:08',	'2022-06-22 15:41:08',	NULL,	197,	4,	16,	NULL,	NULL,	2),
(231,	'მურათ',	'მეხრაბოვი',	'01750151792',	'2017-09-05',	'2022-06-22 15:43:36',	'2022-06-22 15:43:36',	NULL,	198,	4,	16,	NULL,	NULL,	2),
(232,	'უმუთ',	'ნაბიევი',	'12850005851',	'2017-03-11',	'2022-06-22 15:46:27',	'2022-06-22 15:46:27',	NULL,	199,	4,	16,	NULL,	NULL,	2),
(233,	'დუიგუ',	'ნეიმატოვა',	'01950128097',	'2016-10-18',	'2022-06-22 23:56:10',	'2022-06-22 23:56:10',	NULL,	200,	4,	16,	NULL,	NULL,	2),
(234,	'რაულ',	'ოსმანოვი',	'01350142406',	'2017-05-07',	'2022-06-22 23:59:27',	'2022-06-22 23:59:27',	NULL,	201,	4,	16,	NULL,	NULL,	2),
(235,	'ელმირ',	'ოსმანოვი',	'12350005900',	'2017-05-06',	'2022-06-23 00:01:36',	'2022-06-23 00:01:36',	NULL,	202,	4,	16,	NULL,	NULL,	2),
(236,	'მარიამი',	'ოგანესოვა',	'12350005829',	'2017-02-03',	'2022-06-23 00:03:25',	'2022-06-23 00:03:25',	NULL,	203,	4,	16,	NULL,	NULL,	4),
(237,	'ჯამინ',	'ომაროვი',	'12550005934',	'2017-06-20',	'2022-06-23 00:05:45',	'2022-06-23 00:05:45',	NULL,	204,	4,	16,	NULL,	NULL,	2),
(238,	'ფოლად',	'ტომაევი',	'01950131497',	'2016-12-01',	'2022-06-23 00:07:45',	'2022-06-23 00:07:45',	NULL,	205,	4,	16,	NULL,	NULL,	2),
(239,	'გურბან',	'ხალილოვი',	'01750134686',	'2017-01-11',	'2022-06-23 00:09:41',	'2022-06-23 00:09:41',	NULL,	206,	1,	1,	NULL,	NULL,	2),
(240,	'შურა',	'ხალილოვა',	'12450005752',	'2016-11-12',	'2022-06-23 00:11:52',	'2022-06-23 00:11:52',	NULL,	207,	4,	16,	NULL,	NULL,	2),
(241,	'სამიდ',	'ხიალოვი',	'12350005890',	'2017-04-29',	'2022-06-23 00:13:45',	'2022-06-23 00:13:45',	NULL,	208,	4,	16,	NULL,	NULL,	2),
(242,	'ალი',	'ხალილოვი',	'12750005948',	'2017-07-03',	'2022-06-23 00:16:28',	'2022-06-23 00:16:28',	NULL,	209,	4,	16,	NULL,	NULL,	2),
(243,	'ბარბარე',	'ჯამდელიანი',	'01150131359',	'2016-11-30',	'2022-06-23 00:18:56',	'2022-06-23 00:18:56',	NULL,	210,	4,	16,	NULL,	NULL,	1),
(244,	'მადინა',	'ალიევა',	'12650005776',	'2016-12-02',	'2022-06-23 00:21:24',	'2022-06-23 00:21:24',	NULL,	211,	4,	16,	NULL,	NULL,	2),
(245,	'რაულ',	'ალიბეგაშვილი',	'01350211237',	'2020-01-13',	'2022-06-23 00:40:32',	'2022-06-23 00:40:32',	NULL,	212,	3,	9,	NULL,	NULL,	1),
(246,	'ბარბარე',	'ჩანქსელიანი',	'01750133508',	'2016-12-28',	'2022-06-23 00:42:53',	'2022-06-23 00:42:53',	NULL,	213,	3,	12,	NULL,	NULL,	1),
(247,	'სონა',	'ატამოვა',	'015501445996',	'2017-06-06',	'2022-06-23 00:45:07',	'2022-06-23 00:45:07',	NULL,	214,	3,	12,	NULL,	NULL,	2),
(248,	'დენიზ',	'ისმაილოვა',	'12650005876',	'2017-04-06',	'2022-06-23 00:46:57',	'2022-06-23 00:46:57',	NULL,	215,	3,	12,	NULL,	NULL,	2),
(249,	'ლიკა',	'ჭოველიძე',	'01150152636',	'2017-09-20',	'2022-06-23 00:48:52',	'2022-06-23 00:48:52',	NULL,	216,	3,	12,	1,	NULL,	1),
(250,	'მუსტაფა',	'იბრაგიმოვი',	'01250140788',	'2017-04-12',	'2022-06-23 00:50:46',	'2022-06-23 00:50:46',	NULL,	217,	3,	12,	NULL,	NULL,	2),
(251,	'კენან',	'გუსეინოვი',	'12701109729',	'2017-09-10',	'2022-06-23 00:54:31',	'2022-06-23 00:54:31',	NULL,	218,	3,	12,	NULL,	NULL,	2),
(252,	'იუსიფ',	'ისკანდაროვი',	'01150137296',	'2017-02-20',	'2022-06-23 00:59:45',	'2022-06-23 00:59:45',	NULL,	219,	3,	12,	NULL,	NULL,	2),
(253,	'აიზა',	'გასანოვა',	'01650151470',	'2017-09-01',	'2022-06-23 01:01:30',	'2022-06-23 01:01:30',	NULL,	220,	3,	12,	NULL,	NULL,	2),
(254,	'ალი',	'ალიევი',	'01550138703',	'2017-03-12',	'2022-06-23 01:03:18',	'2022-06-23 01:03:18',	NULL,	221,	3,	12,	NULL,	NULL,	2),
(255,	'გაბრიელი',	'ქავთარაძე',	'01850126929',	'2016-10-03',	'2022-06-23 01:05:12',	'2022-06-23 01:05:12',	NULL,	222,	3,	12,	NULL,	NULL,	1),
(256,	'მეჰტი',	'კიალბიევი',	'01250129859',	'2016-11-10',	'2022-06-23 01:07:08',	'2022-06-23 01:07:08',	NULL,	223,	3,	12,	NULL,	NULL,	2),
(257,	'იაკობ',	'ავალიანი',	'01350128104',	'2016-10-19',	'2022-06-23 01:09:04',	'2022-06-23 01:09:04',	NULL,	224,	3,	12,	NULL,	NULL,	1),
(258,	'ჯულაი',	'ჯაფაროვა',	'01350126818',	'2016-10-02',	'2022-06-23 01:11:18',	'2022-06-23 01:11:18',	NULL,	225,	3,	12,	NULL,	NULL,	2),
(259,	'ადემ',	'მუსაევი',	'01550141353',	'2017-04-22',	'2022-06-23 01:13:12',	'2022-06-23 01:13:12',	NULL,	226,	3,	12,	NULL,	NULL,	2),
(260,	'დამლა',	'ალიევა',	'01850132733',	'2016-12-19',	'2022-06-23 03:11:12',	'2022-06-23 03:11:12',	NULL,	227,	3,	12,	1,	NULL,	2),
(261,	'ჟალია',	'კულიევა',	'12350005989',	'2017-09-13',	'2022-06-23 03:14:24',	'2022-06-23 03:14:24',	NULL,	228,	3,	12,	NULL,	NULL,	2),
(262,	'ზაჰრა',	'ოსმანოვა',	'12350005960',	'2017-07-29',	'2022-06-23 03:17:20',	'2022-06-23 03:17:20',	NULL,	229,	3,	12,	NULL,	NULL,	2),
(263,	'აზად',	'ჯაფაროვი',	'01850178527',	'2018-09-17',	'2022-06-23 03:19:25',	'2022-06-23 03:19:25',	NULL,	230,	3,	11,	1,	NULL,	2),
(264,	'ელენე',	'მუსაშვილი',	'12750006006',	'2017-09-30',	'2022-06-23 03:23:14',	'2022-06-23 03:23:14',	NULL,	231,	3,	12,	7,	NULL,	1),
(265,	'ქამალ',	'კადიროვი',	'12850005961',	'2017-07-29',	'2022-06-23 03:27:56',	'2022-06-23 03:27:56',	NULL,	232,	3,	12,	7,	NULL,	2),
(266,	'სოფია',	'ელიზბარაშვილი',	'01650141355',	'2017-04-22',	'2022-06-23 03:31:38',	'2022-06-23 03:31:38',	NULL,	233,	3,	12,	7,	NULL,	1),
(267,	'სემა',	'გასანოვა',	'01150143050',	'2017-05-15',	'2022-06-23 03:33:50',	'2022-06-23 03:33:50',	NULL,	234,	3,	12,	7,	NULL,	2),
(268,	'ეკატერინე',	'ავალიანი',	'12150006413',	'2019-09-19',	'2022-06-23 03:40:27',	'2022-06-23 03:40:27',	NULL,	235,	3,	10,	NULL,	NULL,	1),
(269,	'შაქირ',	'ალიევი',	'12650006264',	'2018-12-21',	'2022-06-23 03:45:00',	'2022-06-23 03:45:00',	NULL,	236,	3,	7,	1,	NULL,	2),
(270,	'დენიზ',	'ალიევი',	'01350179884',	'2018-10-04',	'2022-06-23 03:47:00',	'2022-06-23 03:47:00',	NULL,	237,	3,	11,	NULL,	NULL,	2),
(271,	'რასულ',	'ალისკეროვ',	'12450006359',	'2019-06-05',	'2022-06-23 03:54:02',	'2022-06-23 03:54:02',	NULL,	238,	3,	10,	NULL,	NULL,	2),
(272,	'ბარბარე',	'თედორაძე',	'01750138447',	'2017-03-08',	'2022-06-23 03:58:08',	'2022-06-23 03:58:08',	NULL,	239,	3,	12,	7,	NULL,	1),
(273,	'დავით',	'ბერიანი',	'01750182033',	'2018-11-04',	'2022-06-23 04:00:18',	'2022-06-23 04:00:18',	NULL,	240,	3,	12,	7,	NULL,	1),
(274,	'ძანსუ',	'ბინალიევა',	'01550205548',	'2019-10-19',	'2022-06-23 04:02:23',	'2022-06-23 04:02:23',	NULL,	241,	3,	10,	NULL,	NULL,	2),
(275,	'რეიჰან',	'ბაირამოვა',	'01550191165',	'2019-03-20',	'2022-06-23 04:05:02',	'2022-06-23 04:05:02',	NULL,	242,	3,	10,	1,	NULL,	2),
(276,	'ემინ',	'გასანოვა',	'01150197233',	'2019-06-24',	'2022-06-23 04:10:51',	'2022-06-23 04:10:51',	NULL,	243,	3,	10,	NULL,	NULL,	2),
(277,	'ნატალი',	'ელიზბარაშვილი',	'01850187704',	'2019-01-26',	'2022-06-23 04:13:41',	'2022-06-23 04:13:41',	NULL,	244,	3,	10,	1,	NULL,	1),
(278,	'ხადიჯა',	'ვერდიევა',	'01750203927',	'2019-09-25',	'2022-06-23 04:16:52',	'2022-06-23 04:16:52',	NULL,	245,	3,	10,	NULL,	NULL,	2),
(279,	'ემინ',	'ვალიევი',	'01450198917',	'2019-07-18',	'2022-06-23 04:18:52',	'2022-06-23 04:18:52',	NULL,	246,	3,	10,	NULL,	NULL,	2),
(280,	'უღურ',	'თალიბოვი',	'01750185256',	'2018-12-20',	'2022-06-23 04:21:47',	'2022-06-23 04:21:47',	NULL,	247,	3,	11,	NULL,	NULL,	2),
(281,	'ზუმრუდ',	'ისმაილოვა',	'01350197447',	'2019-06-25',	'2022-06-23 04:24:29',	'2022-06-23 04:24:29',	NULL,	248,	3,	10,	NULL,	NULL,	2),
(282,	'ელლადა',	'ისაევა',	'01150203934',	'2019-09-26',	'2022-06-23 04:27:28',	'2022-06-23 04:27:28',	NULL,	249,	3,	10,	NULL,	NULL,	2),
(283,	'მულკადარ',	'ისკანდაროვი',	'01850186756',	'2019-01-11',	'2022-06-23 04:35:22',	'2022-06-23 04:35:22',	NULL,	250,	3,	10,	NULL,	NULL,	2),
(284,	'ელინა',	'მურადოვა',	'12250006345',	'2019-05-02',	'2022-06-23 04:38:39',	'2022-06-23 04:38:39',	NULL,	251,	3,	10,	2,	NULL,	2),
(285,	'რომან',	'მამმადოვ',	'01650196436',	'2019-06-13',	'2022-06-23 04:41:29',	'2022-06-23 04:41:29',	NULL,	252,	3,	10,	NULL,	NULL,	2),
(286,	'იუსიფ',	'მამედოვი',	'01150181142',	'2018-10-21',	'2022-06-23 04:44:59',	'2022-06-23 04:44:59',	NULL,	253,	3,	11,	NULL,	NULL,	2),
(287,	'მედინა',	'მეხრაბოვა',	'01750200454',	'2019-08-08',	'2022-06-23 04:49:01',	'2022-06-23 04:49:01',	NULL,	254,	3,	10,	NULL,	NULL,	2),
(288,	'ფიზიხან',	'მურადოვი',	'01850171673',	'2018-06-18',	'2022-06-23 04:55:09',	'2022-06-23 04:55:09',	NULL,	255,	3,	11,	NULL,	NULL,	2),
(289,	'ელენე',	'ონიანი',	'01850196221',	'2019-06-11',	'2022-06-23 04:57:31',	'2022-06-23 04:57:31',	NULL,	256,	3,	10,	2,	NULL,	1),
(290,	'აგილ',	'სადიკოვი',	'12150006223',	'2018-10-08',	'2022-06-23 05:00:57',	'2022-06-23 05:00:57',	NULL,	257,	3,	11,	NULL,	NULL,	2),
(291,	'ნიკოლოზი',	'ღუღუნიშვილი',	'01650192375',	'2019-04-10',	'2022-06-23 05:03:36',	'2022-06-23 05:03:36',	NULL,	258,	3,	10,	NULL,	NULL,	1),
(292,	'სანდრო',	'შენგელია',	'01950192712',	'2019-04-16',	'2022-06-23 05:06:44',	'2022-06-23 05:06:44',	NULL,	259,	3,	10,	NULL,	NULL,	1),
(293,	'გაბრიელ',	'ჯაფარიძე',	'01550212110',	'2020-01-25',	'2022-06-23 05:12:28',	'2022-06-23 05:12:28',	NULL,	260,	3,	9,	NULL,	NULL,	1),
(294,	'იოსებ',	'გუნდიშვილი',	'12650006204',	'2018-09-08',	'2022-06-23 05:15:31',	'2022-06-23 05:15:31',	NULL,	261,	3,	11,	1,	NULL,	1),
(295,	'ბარბარე',	'ფოჩხიძე',	'01850157381',	'2017-11-21',	'2022-06-23 05:19:16',	'2022-06-23 05:19:16',	NULL,	262,	3,	12,	NULL,	NULL,	1),
(296,	'ზაჰრა',	'გასანოვა',	'12550006012',	'2017-10-04',	'2022-06-23 05:21:32',	'2022-06-23 05:21:32',	NULL,	263,	3,	12,	NULL,	NULL,	2),
(297,	'რაია',	'კამბაროვა',	'01350165798',	'2018-03-22',	'2022-06-23 05:26:07',	'2022-06-23 05:26:07',	NULL,	264,	3,	11,	NULL,	NULL,	2),
(298,	'ელმირ',	'ნაბიევი',	'28450018793',	'2018-03-02',	'2022-06-23 06:11:13',	'2022-06-23 06:11:13',	NULL,	265,	3,	11,	1,	NULL,	2),
(299,	'აიშა',	'ისმაილოვა',	'12850006058',	'2017-12-24',	'2022-06-23 06:16:06',	'2022-06-23 06:16:06',	NULL,	266,	3,	12,	7,	NULL,	2),
(300,	'ლაჩინ',	'კასუმოვი',	'01950160553',	'2018-01-08',	'2022-06-23 06:22:58',	'2022-06-23 06:22:58',	NULL,	267,	3,	11,	NULL,	NULL,	2),
(301,	'ანასტასია',	'ანტონოვა',	'01650159932',	'2017-12-28',	'2022-06-23 06:36:15',	'2022-06-23 06:36:15',	NULL,	268,	3,	12,	1,	NULL,	3),
(302,	'ლეილა',	'პირიევა',	'01750173266',	'2018-07-10',	'2022-06-23 06:40:42',	'2022-06-23 06:40:42',	NULL,	269,	3,	11,	NULL,	NULL,	5),
(303,	'ანა',	'ვარდოშვილი',	'01350155904',	'2017-11-01',	'2022-06-23 06:46:32',	'2022-06-23 06:46:32',	NULL,	270,	3,	12,	NULL,	NULL,	1),
(304,	'ჰუსეინ',	'შირმამედოვი',	'01650172116',	'2018-06-23',	'2022-06-23 07:31:55',	'2022-06-23 07:31:55',	NULL,	271,	3,	11,	NULL,	NULL,	2),
(305,	'სვეტლანა',	'მუსაევა',	'12750006046',	'2017-11-28',	'2022-06-23 07:35:22',	'2022-06-23 07:35:22',	NULL,	272,	3,	12,	1,	NULL,	2),
(306,	'დავითი',	'პატარავა',	'01950169823',	'2018-05-23',	'2022-06-23 08:11:13',	'2022-06-23 08:11:13',	NULL,	273,	3,	11,	NULL,	NULL,	1),
(307,	'აილინ',	'ალიევა',	'01150169005',	'2018-05-14',	'2022-06-23 08:13:32',	'2022-06-23 08:13:32',	NULL,	274,	3,	11,	NULL,	NULL,	2),
(308,	'სინან',	'ბაირამოვი',	'01650165295',	'2018-03-14',	'2022-06-23 08:16:53',	'2022-06-23 08:16:53',	NULL,	275,	3,	11,	NULL,	NULL,	2),
(309,	'ასეთან',	'ალიევა',	'12150006023',	'2017-10-19',	'2022-06-23 08:20:38',	'2022-06-23 08:20:38',	NULL,	236,	3,	12,	1,	NULL,	2),
(310,	'ჯანერ',	'გულიევ',	'01250161695',	'2018-01-23',	'2022-06-23 08:23:18',	'2022-06-23 08:23:18',	NULL,	277,	3,	11,	1,	NULL,	2),
(311,	'ანდრია',	'კურტანიძე',	'01650177835',	'2018-09-08',	'2022-06-23 08:27:38',	'2022-06-23 08:27:38',	NULL,	278,	3,	11,	NULL,	NULL,	1),
(312,	'აიდან',	'ალიევა',	'01150137356',	'2017-02-19',	'2022-06-23 12:31:04',	'2022-06-23 12:31:04',	NULL,	279,	3,	12,	7,	NULL,	2),
(313,	'ელენე',	'გულედანი',	'01450142038',	'2017-05-02',	'2022-06-23 12:37:24',	'2022-06-23 12:37:24',	NULL,	280,	3,	12,	7,	NULL,	1),
(314,	'თურალ',	'გუსეინოვი',	'01450134709',	'2017-01-14',	'2022-06-23 12:40:42',	'2022-06-23 12:40:42',	NULL,	281,	3,	12,	7,	NULL,	2),
(315,	'მაგამედ ალი',	'გუსეინოვი',	'01750140290',	'2017-04-07',	'2022-06-23 12:43:32',	'2022-06-23 12:43:32',	NULL,	282,	3,	12,	7,	NULL,	2),
(316,	'თომა',	'გორგოძე',	'01350128414',	'2016-10-23',	'2022-06-23 12:57:43',	'2022-06-23 12:57:43',	NULL,	283,	3,	12,	7,	NULL,	1),
(317,	'თამარა',	'გაჯიევა',	'01550165973',	'2018-03-26',	'2022-06-23 12:59:27',	'2022-06-23 12:59:27',	NULL,	284,	3,	11,	NULL,	NULL,	2),
(318,	'მათე',	'დევიძე',	'01850127787',	'2016-10-15',	'2022-06-23 13:01:11',	'2022-06-23 13:01:11',	NULL,	285,	3,	12,	7,	NULL,	1),
(319,	'იასმინ',	'დილანჩიევა',	'12650006144',	'2018-05-25',	'2022-06-23 13:03:52',	'2022-06-23 13:03:52',	NULL,	286,	3,	11,	NULL,	NULL,	2),
(320,	'ლივია',	'გულბანი',	'01150175438',	'2018-08-08',	'2022-06-23 13:06:29',	'2022-06-23 13:06:29',	NULL,	288,	3,	11,	NULL,	NULL,	1),
(321,	'ბეთულ',	'ეიუბოვი',	'12550006002',	'2017-09-27',	'2022-06-23 13:07:34',	'2022-06-23 13:07:34',	NULL,	287,	3,	12,	7,	NULL,	2),
(322,	'ინჯი',	'ხიალოვა',	'01950180682',	'2018-10-15',	'2022-06-23 13:11:46',	'2022-06-23 13:11:46',	NULL,	289,	3,	11,	NULL,	NULL,	2),
(323,	'რასულ',	'გამბაროვი',	'12850006088',	'2018-02-26',	'2022-06-23 13:16:56',	'2022-06-23 13:16:56',	NULL,	290,	1,	1,	NULL,	NULL,	2),
(324,	'გაბრიელ',	'კასრაძე',	'01750148982',	'2017-07-29',	'2022-06-23 13:19:10',	'2022-06-23 13:19:10',	NULL,	291,	3,	12,	7,	NULL,	1),
(325,	'ესმირალდა',	'ოგანესიანი',	'12950006111',	'2018-04-01',	'2022-06-23 13:20:09',	'2022-06-23 13:20:09',	NULL,	292,	3,	11,	1,	NULL,	2),
(326,	'ელენე',	'კაპანაძე',	'12650005946',	'2017-07-05',	'2022-06-23 13:22:14',	'2022-06-23 13:22:14',	NULL,	293,	3,	12,	7,	NULL,	1),
(327,	'დაჩი',	'გულბანი',	'01650184866',	'2018-12-14',	'2022-06-23 13:22:48',	'2022-06-23 13:22:48',	NULL,	294,	3,	11,	NULL,	NULL,	2),
(328,	'ანდრია',	'კაკრიაშვილი',	'01350169659',	'2018-05-23',	'2022-06-23 13:25:49',	'2022-06-23 13:25:49',	NULL,	295,	3,	11,	2,	NULL,	1),
(329,	'გოგა',	'ჩიტიშვილი',	'01650174882',	'2018-08-01',	'2022-06-23 13:30:02',	'2022-06-23 13:30:02',	NULL,	296,	3,	11,	NULL,	NULL,	1),
(330,	'მარიამ',	'კურტანიძე',	'0155017038',	'2018-04-10',	'2022-06-23 13:38:51',	'2022-06-23 13:38:51',	NULL,	297,	3,	11,	NULL,	NULL,	1),
(331,	'მიკაელ',	'კიარიმოვი',	'01650151089',	'2017-08-26',	'2022-06-23 13:42:16',	'2022-06-23 13:42:16',	NULL,	298,	3,	12,	7,	NULL,	2),
(332,	'ამალია',	'მამედოვა',	'01550147159',	'2017-07-09',	'2022-06-23 13:44:27',	'2022-06-23 13:44:27',	NULL,	299,	3,	12,	7,	NULL,	2),
(333,	'ჰუსეინ',	'მამედოვი',	'01650152997',	'2017-09-24',	'2022-06-23 13:46:55',	'2022-06-23 13:46:55',	NULL,	300,	3,	12,	7,	NULL,	2),
(334,	'აიან',	'მასიევა',	'01750146046',	'2017-06-26',	'2022-06-23 13:50:10',	'2022-06-23 13:50:10',	NULL,	301,	3,	12,	7,	NULL,	2),
(335,	'ოზლემ',	'მირზალიევა',	'65338000351',	'2017-02-08',	'2022-06-23 14:21:46',	'2022-06-23 14:21:46',	NULL,	302,	3,	12,	7,	NULL,	2),
(336,	'დინარა',	'მურადოვა',	'01750139125',	'2017-03-17',	'2022-06-23 14:27:53',	'2022-06-23 14:27:53',	NULL,	303,	3,	12,	7,	NULL,	2),
(337,	'რენათ',	'ნაბიევი',	'01650128571',	'2016-10-25',	'2022-06-23 14:32:05',	'2022-06-23 14:32:05',	NULL,	265,	3,	12,	7,	NULL,	2),
(338,	'თამარ',	'ნავროზაშვილი',	'01450142298',	'2017-05-06',	'2022-06-23 14:35:29',	'2022-06-23 14:35:29',	NULL,	305,	3,	12,	7,	NULL,	1),
(339,	'ისმაილ',	'ფაშაევი',	'01350138098',	'2017-03-02',	'2022-06-23 14:38:00',	'2022-06-23 14:38:00',	NULL,	306,	3,	12,	7,	NULL,	2),
(340,	'ნიკოლოზი',	'ქარდავა',	'01850136704',	'2017-02-11',	'2022-06-23 15:56:44',	'2022-06-23 15:56:44',	NULL,	307,	3,	12,	7,	NULL,	1),
(341,	'ჰუსეინ',	'შამხალოვ',	'01350133490',	'2016-12-28',	'2022-06-23 16:00:59',	'2022-06-23 16:00:59',	NULL,	308,	3,	12,	7,	NULL,	2),
(342,	'ლიზი',	'შაქარიშვილი',	'12350005800',	'2017-01-14',	'2022-06-23 16:04:39',	'2022-06-23 16:04:39',	NULL,	309,	3,	12,	7,	NULL,	1),
(343,	'მალეიკა',	'შირმამედოვა',	'12450005742',	'2015-10-23',	'2022-06-23 16:10:11',	'2022-06-23 16:10:11',	NULL,	310,	3,	12,	7,	NULL,	2),
(344,	'ლუკა',	'ჩიტიშვილი',	'01550137945',	'2017-03-02',	'2022-06-23 16:17:47',	'2022-06-23 16:17:47',	NULL,	311,	3,	12,	7,	NULL,	1),
(345,	'იოანე',	'კაკრიაშვილი',	'01650136569',	'2017-02-09',	'2022-06-23 16:20:31',	'2022-06-23 16:20:31',	NULL,	312,	3,	12,	7,	NULL,	1),
(346,	'ცოტნე',	'კიკალიშვილი',	'12950005873',	'2017-04-02',	'2022-06-23 16:23:02',	'2022-06-23 16:23:02',	NULL,	313,	3,	12,	7,	NULL,	1),
(347,	'ნიკოლოზი',	'გუგავა',	'01550188835',	'2019-02-12',	'2022-06-24 04:27:11',	'2022-06-24 04:27:11',	NULL,	314,	5,	18,	6,	NULL,	1),
(348,	'თელლი',	'კურბანოვა',	'01350180458',	'2018-10-12',	'2022-06-24 04:32:34',	'2022-06-24 04:32:34',	NULL,	315,	5,	19,	1,	NULL,	2),
(349,	'იუსიფ',	'კახრამანოვი',	'01950197691',	'2019-06-30',	'2022-06-24 04:38:12',	'2022-06-24 04:38:12',	NULL,	316,	5,	18,	1,	NULL,	2),
(350,	'ზარინა',	'კარაჯაევა',	'01750196848',	'2019-06-17',	'2022-06-24 04:43:03',	'2022-06-24 04:43:03',	NULL,	317,	5,	18,	NULL,	NULL,	2),
(351,	'სიმა',	'მამედოვა',	'01650188657',	'2019-02-11',	'2022-06-24 04:44:44',	'2022-06-24 04:44:44',	NULL,	318,	5,	18,	NULL,	NULL,	2),
(352,	'შოილეტ',	'მამედოვა',	'12650006434',	'2019-11-05',	'2022-06-24 04:46:33',	'2022-06-24 04:46:33',	NULL,	319,	5,	18,	NULL,	NULL,	2),
(353,	'აილინ',	'მამედოვა',	'01352182974',	'2018-11-16',	'2022-06-24 04:51:56',	'2022-06-24 04:51:56',	NULL,	320,	5,	19,	6,	NULL,	2),
(354,	'ნურაი',	'მამედოვა',	'12550006212',	'2018-09-25',	'2022-06-24 04:53:56',	'2022-06-24 04:53:56',	NULL,	321,	5,	19,	NULL,	NULL,	2),
(355,	'ელვინა',	'მამედოვა',	'01350196710',	'2019-06-18',	'2022-06-24 04:56:53',	'2022-06-24 04:56:53',	NULL,	322,	5,	18,	NULL,	NULL,	2),
(356,	'ზოხრა',	'მურსაკულოვა',	'01350187723',	'2019-01-25',	'2022-06-24 04:58:48',	'2022-06-24 04:58:48',	NULL,	323,	5,	18,	1,	NULL,	2),
(357,	'ძავიდ',	'მურადოვი',	'01850188792',	'2019-02-13',	'2022-06-24 05:00:41',	'2022-06-24 05:00:41',	NULL,	324,	5,	18,	NULL,	NULL,	2),
(358,	'ნარგილა',	'ნასიბოვა',	'01450192201',	'2019-04-05',	'2022-06-24 05:02:33',	'2022-06-24 05:02:33',	NULL,	325,	5,	18,	1,	NULL,	2),
(359,	'ირადა',	'შირინოვა',	'12450006299',	'2019-02-21',	'2022-06-24 05:04:17',	'2022-06-24 05:04:17',	NULL,	326,	5,	18,	NULL,	NULL,	2),
(360,	'ნიკოლოზი',	'ჯანგველაძე',	'018501955783',	'2019-06-05',	'2022-06-24 05:06:23',	'2022-06-24 05:06:23',	NULL,	327,	5,	18,	NULL,	NULL,	1),
(361,	'ალეინა',	'ახმედოვა',	'01450145702',	'2017-06-20',	'2022-06-24 05:14:33',	'2022-06-24 05:14:33',	NULL,	328,	5,	20,	7,	NULL,	2),
(362,	'ანდრია',	'ავალიანი',	'01550147950',	'2017-07-19',	'2022-06-24 05:16:28',	'2022-06-24 05:16:28',	NULL,	329,	5,	20,	7,	NULL,	1),
(363,	'იმდად',	'ალიევი',	'01350134877',	'2017-01-16',	'2022-06-24 05:19:45',	'2022-06-24 05:19:45',	NULL,	330,	5,	20,	7,	NULL,	2),
(364,	'ლუკა',	'გუგავა',	'01950151496',	'2017-09-04',	'2022-06-24 05:21:41',	'2022-06-24 05:21:41',	NULL,	331,	5,	20,	7,	NULL,	1),
(365,	'აიან',	'გასანოვა',	'01750133958',	'2017-01-02',	'2022-06-24 05:24:06',	'2022-06-24 05:24:06',	NULL,	332,	5,	20,	7,	NULL,	2),
(366,	'გასან',	'იბრაგიმოვი',	'01950161731',	'2018-01-23',	'2022-06-24 05:26:08',	'2022-06-24 05:26:08',	NULL,	333,	5,	19,	1,	NULL,	2),
(367,	'ნურან',	'იბრაგიმოვი',	'015501712246',	'2018-06-12',	'2022-06-24 05:27:56',	'2022-06-24 05:27:56',	NULL,	334,	5,	19,	1,	NULL,	2),
(368,	'ბინიამინ',	'კიარიმოვი',	'01350143994',	'2017-05-27',	'2022-06-24 05:30:26',	'2022-06-24 05:30:26',	NULL,	335,	5,	20,	7,	NULL,	2),
(369,	'ნაილა',	'კიარიმოვა',	'01550162059',	'2018-01-27',	'2022-06-24 05:33:15',	'2022-06-24 05:33:15',	NULL,	336,	5,	19,	NULL,	NULL,	2),
(370,	'მუზაფარ',	'მამედოვი',	'59550019490',	'2018-06-11',	'2022-06-24 05:35:12',	'2022-06-24 05:35:12',	NULL,	337,	5,	19,	NULL,	NULL,	2),
(371,	'გიულსარან',	'მამედოვა',	'12850005831',	'2017-02-14',	'2022-06-24 05:37:17',	'2022-06-24 05:37:17',	NULL,	338,	5,	20,	7,	NULL,	2),
(372,	'მუჰამმადჰასან',	'მამედოვი',	'01250130064',	'2016-11-14',	'2022-06-24 05:39:43',	'2022-06-24 05:39:43',	NULL,	339,	5,	20,	7,	NULL,	2),
(373,	'ჰამზა',	'მეხტიევი',	'01450162227',	'2018-01-31',	'2022-06-24 05:42:14',	'2022-06-24 05:42:14',	NULL,	340,	5,	19,	NULL,	NULL,	2),
(374,	'ზეინაბ',	'მამედოვა',	'12201109918',	'2018-08-28',	'2022-06-24 05:49:17',	'2022-06-24 05:49:17',	NULL,	341,	5,	19,	6,	NULL,	2),
(375,	'ზელმურა',	'მუსაევა',	'12850005761',	'2016-11-21',	'2022-06-24 05:57:54',	'2022-06-24 05:57:54',	NULL,	342,	5,	20,	7,	NULL,	2),
(376,	'იუსიფ',	'მამედოვი',	'01550139371',	'2017-03-20',	'2022-06-24 06:00:07',	'2022-06-24 06:00:07',	NULL,	343,	5,	20,	7,	NULL,	2),
(377,	'ჯუჰარ',	'ნასიბოვა',	'01550141343',	'2017-04-21',	'2022-06-24 06:02:14',	'2022-06-24 06:02:14',	NULL,	344,	5,	20,	7,	NULL,	2),
(378,	'ხადიჯა',	'ნასყიდაშვილი',	'01650158984',	'2017-12-15',	'2022-06-24 06:04:20',	'2022-06-24 06:04:20',	NULL,	345,	5,	20,	NULL,	NULL,	1),
(379,	'იუსიფ',	'ნასიბოვი',	'01350140121',	'2017-04-02',	'2022-06-24 06:06:48',	'2022-06-24 06:06:48',	NULL,	346,	5,	20,	7,	NULL,	2),
(380,	'ლაზარე',	'ონიანი',	'01750171941',	'2018-06-22',	'2022-06-24 06:24:05',	'2022-06-24 06:24:05',	NULL,	347,	5,	19,	NULL,	NULL,	1),
(381,	'ნიაკო',	'სეფაშვილი',	'01850178697',	'2018-09-18',	'2022-06-24 06:26:56',	'2022-06-24 06:26:56',	NULL,	348,	5,	19,	NULL,	NULL,	1),
(382,	'გიორგი',	'ფალიანი',	'01550142231',	'2017-05-02',	'2022-06-24 06:31:05',	'2022-06-24 06:31:05',	NULL,	349,	5,	20,	7,	NULL,	1),
(383,	'ბარბარე',	'ფერცულიანი',	'01950165922',	'2018-03-26',	'2022-06-24 06:34:45',	'2022-06-24 06:34:45',	NULL,	350,	5,	19,	NULL,	NULL,	1),
(384,	'ზეჰრა',	'შაფიევი',	'01850176392',	'2018-08-20',	'2022-06-24 06:36:53',	'2022-06-24 06:36:53',	NULL,	351,	5,	19,	1,	NULL,	2),
(385,	'დიანა',	'სულეიმანოვა',	'01350141788',	'2017-04-25',	'2022-06-24 06:40:18',	'2022-06-24 06:40:18',	NULL,	352,	5,	20,	7,	NULL,	2),
(386,	'ნიკოლოზ',	'ხინჩაგაშვილი',	'12750006056',	'2017-12-19',	'2022-06-24 06:43:11',	'2022-06-24 06:43:11',	NULL,	353,	5,	20,	NULL,	NULL,	1),
(387,	'ამირ',	'ჯავადოვი',	'01350161157',	'2018-01-16',	'2022-06-24 06:59:50',	'2022-06-24 06:59:50',	NULL,	354,	5,	19,	NULL,	NULL,	2),
(388,	'ნაზიმ',	'ხიალოვი',	'01650201250',	'2019-08-19',	'2022-06-26 11:07:49',	'2022-06-26 11:07:49',	NULL,	1,	3,	10,	1,	NULL,	2),
(391,	'უსეინ',	'ბაირამოვი',	'01650144418',	'2017-06-03',	'2022-06-27 00:09:30',	'2022-06-27 00:09:30',	NULL,	356,	7,	28,	7,	NULL,	2),
(392,	'ბახრამ',	'გუსეინოვი',	'01550159020',	'2017-12-14',	'2022-06-27 00:11:53',	'2022-06-27 00:11:53',	NULL,	357,	7,	28,	NULL,	NULL,	2),
(393,	'მელისსა',	'გუსეინოვა',	'01150148748',	'2017-07-26',	'2022-06-27 00:14:02',	'2022-06-27 00:14:02',	NULL,	358,	7,	28,	7,	NULL,	2),
(394,	'რაფიგა',	'გაჯიევა',	'01150155239',	'2017-10-23',	'2022-06-27 00:18:42',	'2022-06-27 00:18:42',	NULL,	359,	7,	28,	NULL,	NULL,	2),
(395,	'ფარიზ',	'გუსეინოვი',	'12250005867',	'2017-03-27',	'2022-06-27 00:22:03',	'2022-06-27 00:22:03',	NULL,	360,	7,	28,	7,	NULL,	2),
(396,	'უღურ',	'ეიუბოვი',	'01150159911',	'2017-12-26',	'2022-06-27 00:24:10',	'2022-06-27 00:24:10',	NULL,	361,	7,	28,	NULL,	NULL,	2),
(397,	'ზამილა',	'ეიუბოვა',	'12650006014',	'2017-10-02',	'2022-06-27 00:28:06',	'2022-06-27 00:28:06',	NULL,	362,	7,	28,	NULL,	NULL,	2),
(398,	'მეჰრიბან',	'იბრაგიმოვა',	'01650150552',	'2017-08-21',	'2022-06-27 00:44:18',	'2022-06-27 00:44:18',	NULL,	363,	7,	28,	7,	NULL,	2),
(399,	'ჰუსეინ',	'ვალიევი',	'12450006040',	'2017-11-18',	'2022-06-27 00:47:41',	'2022-06-27 00:47:41',	NULL,	364,	7,	28,	NULL,	NULL,	2),
(400,	'ზაქირ',	'კიარიმოვი',	'01950162588',	'2018-02-05',	'2022-06-27 00:51:22',	'2022-06-27 00:51:22',	NULL,	365,	7,	27,	NULL,	NULL,	2),
(401,	'ნაირ',	'კადიროვი',	'01350160029',	'2017-12-29',	'2022-06-27 00:53:24',	'2022-06-27 00:53:24',	NULL,	366,	7,	28,	1,	NULL,	2),
(402,	'რამზია',	'კურბანოვა',	'12150006053',	'2017-12-14',	'2022-06-27 00:55:41',	'2022-06-27 00:55:41',	NULL,	367,	7,	28,	1,	NULL,	2),
(403,	'ხადიჯა',	'მამმადოვა',	'01150156367',	'2017-11-06',	'2022-06-27 00:58:10',	'2022-06-27 00:58:10',	NULL,	368,	7,	28,	NULL,	NULL,	2),
(404,	'ჰუსეინ',	'მამედოვი',	'12850006038',	'2017-11-14',	'2022-06-27 01:00:50',	'2022-06-27 01:00:50',	NULL,	369,	7,	28,	NULL,	NULL,	2),
(405,	'ნიჰათ',	'მუსტაფაევი',	'12450006090',	'2018-02-23',	'2022-06-27 01:02:50',	'2022-06-27 01:02:50',	NULL,	370,	7,	27,	NULL,	NULL,	2),
(406,	'მალაქ',	'შარიფოვა',	'12350005919',	'2017-05-30',	'2022-06-27 01:10:25',	'2022-06-27 01:10:25',	NULL,	372,	7,	28,	7,	NULL,	2),
(407,	'რომან',	'ხალილოვი',	'12150006153',	'2018-06-13',	'2022-06-27 01:13:05',	'2022-06-27 01:13:05',	NULL,	373,	7,	27,	NULL,	NULL,	2),
(408,	'ასტანფაშა',	'ალიევი',	'01150185703',	'2018-12-29',	'2022-06-27 01:15:07',	'2022-06-27 01:15:07',	NULL,	374,	7,	27,	NULL,	NULL,	2),
(409,	'აზიზ',	'ალიევი',	'01850163764',	'2018-02-19',	'2022-06-27 01:19:58',	'2022-06-27 01:19:58',	NULL,	375,	7,	27,	NULL,	NULL,	2),
(410,	'აილინ',	'აბდულაევა',	'01950190486',	'2019-03-09',	'2022-06-27 01:22:01',	'2022-06-27 01:22:01',	NULL,	376,	7,	26,	NULL,	NULL,	2),
(411,	'სალმან',	'ასკეროვი',	'01650185724',	'2018-12-30',	'2022-06-27 01:24:48',	'2022-06-27 01:24:48',	NULL,	377,	7,	27,	1,	NULL,	2),
(412,	'ადემ',	'ალიევი',	'01850172471',	'2018-06-28',	'2022-06-27 01:33:14',	'2022-06-27 01:33:14',	NULL,	378,	7,	27,	NULL,	NULL,	2),
(413,	'მალეიკა',	'კიალბიევა',	'12750006176',	'2018-07-19',	'2022-06-27 01:35:30',	'2022-06-27 01:35:30',	NULL,	379,	7,	27,	NULL,	NULL,	2),
(414,	'რავილ',	'მუსაევი',	'12150006253',	'2018-12-02',	'2022-06-27 01:37:28',	'2022-06-27 01:37:28',	NULL,	380,	7,	27,	NULL,	NULL,	2),
(415,	'ნაილ',	'მუსტაფაევი',	'01950175076',	'2018-08-03',	'2022-06-27 01:40:29',	'2022-06-27 01:40:29',	NULL,	381,	7,	27,	1,	NULL,	2),
(416,	'როშან',	'მამედოვი',	'12950006181',	'2018-07-31',	'2022-06-27 01:42:11',	'2022-06-27 01:42:11',	NULL,	382,	7,	27,	1,	NULL,	2),
(417,	'აიან',	'მუსაევა',	'01850179595',	'2018-09-30',	'2022-06-27 01:48:30',	'2022-06-27 01:48:30',	NULL,	383,	7,	27,	NULL,	NULL,	2),
(418,	'ელინა',	'ალიევა',	'01150148226',	'2017-07-21',	'2022-06-27 01:51:29',	'2022-06-27 01:51:29',	NULL,	384,	7,	28,	7,	NULL,	2),
(419,	'ელინა',	'ალიევა',	'01150150131',	'2017-08-15',	'2022-06-27 01:53:25',	'2022-06-27 01:53:25',	NULL,	385,	7,	28,	7,	NULL,	2),
(420,	'ეთარ',	'ალიევა',	'01750133948',	'2017-01-03',	'2022-06-27 01:57:39',	'2022-06-27 01:57:39',	NULL,	386,	7,	28,	7,	NULL,	2),
(421,	'რუსლან',	'ალიევი',	'01750131603',	'2016-12-01',	'2022-06-27 02:01:57',	'2022-06-27 02:01:57',	NULL,	387,	7,	28,	7,	NULL,	2),
(422,	'თუნარ',	'ბაირამოვი',	'12650005756',	'2016-11-15',	'2022-06-27 02:05:49',	'2022-06-27 02:05:49',	NULL,	388,	7,	28,	7,	NULL,	2),
(423,	'მურად',	'ბაირამოვი',	'01750135204',	'2017-01-20',	'2022-06-27 02:18:27',	'2022-06-27 02:18:27',	NULL,	389,	7,	28,	7,	NULL,	2),
(424,	'ელმირ',	'გასანოვი',	'12950005973',	'2017-08-22',	'2022-06-27 02:22:02',	'2022-06-27 02:22:02',	NULL,	390,	7,	28,	7,	NULL,	2),
(425,	'დენიზ',	'ბაირამოვი',	'01850133951',	'2017-01-04',	'2022-06-27 02:28:01',	'2022-06-27 02:28:01',	NULL,	391,	7,	28,	7,	NULL,	2),
(426,	'რუბაბა',	'გუსეინოვა',	'12850005791',	'2016-12-27',	'2022-06-27 02:32:01',	'2022-06-27 02:32:01',	NULL,	392,	7,	28,	7,	NULL,	2),
(427,	'ზაჰრა',	'გუმბატოვა',	'12450005972',	'2017-08-21',	'2022-06-27 02:35:40',	'2022-06-27 02:35:40',	NULL,	393,	7,	28,	7,	NULL,	2),
(428,	'ჩიჩაქ',	'კარაევა',	'0145013945',	'2017-02-14',	'2022-06-27 04:32:40',	'2022-06-27 04:32:40',	NULL,	394,	7,	28,	7,	NULL,	2),
(429,	'ინჯი',	'ისმაილოვა',	'04150217646',	'2020-04-27',	'2022-06-27 12:03:40',	'2022-06-27 12:03:40',	NULL,	1,	1,	1,	1,	NULL,	2),
(439,	'ანდრია',	'ბეშიძე',	'01250221570',	'2022-06-25',	'2022-06-28 04:20:31',	'2022-06-28 04:20:31',	NULL,	397,	4,	13,	6,	NULL,	1),
(443,	'ანდრია',	'ბეშიძე',	'01206036813',	'2022-06-25',	'2022-06-28 04:21:46',	'2022-06-28 04:21:46',	NULL,	397,	4,	13,	6,	NULL,	1),
(475,	'ანდრია',	'ბეშიძე',	'36001050990',	'2020-06-25',	'2022-06-28 07:16:30',	'2022-06-28 07:16:30',	NULL,	397,	4,	13,	6,	14,	1),
(485,	'ბაჰარ',	'ახმედოვა',	'01650190829',	'2019-03-14',	'2022-06-29 05:42:20',	'2022-06-29 05:42:20',	NULL,	1,	5,	17,	7,	1,	2),
(495,	'ახმედ',	'კურბანოვი',	'12550005954',	'2017-07-17',	'2022-06-30 01:01:42',	'2022-06-30 01:01:42',	NULL,	1,	4,	16,	2,	NULL,	2),
(498,	'ჰაბიბ',	'ატამოვი',	'01250206899',	'2019-11-07',	'2022-06-30 10:34:45',	'2022-06-30 10:34:45',	NULL,	1,	3,	9,	6,	NULL,	2),
(501,	'ნინო',	'ჩიქოვანი',	'12345678998',	'2022-06-30',	'2022-07-01 04:36:10',	'2022-07-01 04:36:34',	'2022-07-01 04:36:34',	1,	1,	1,	NULL,	NULL,	NULL);

DROP TABLE IF EXISTS `kid_categories`;
CREATE TABLE `kid_categories` (
  `id` bigint(20) unsigned NOT NULL AUTO_INCREMENT,
  `name` varchar(255) COLLATE utf8mb4_unicode_ci NOT NULL,
  `user_id` int(11) NOT NULL,
  `created_at` timestamp NULL DEFAULT NULL,
  `updated_at` timestamp NULL DEFAULT NULL,
  PRIMARY KEY (`id`)
) ENGINE=InnoDB DEFAULT CHARSET=utf8mb4 COLLATE=utf8mb4_unicode_ci;

INSERT INTO `kid_categories` (`id`, `name`, `user_id`, `created_at`, `updated_at`) VALUES
(1,	'სოციალურად დაუცველი',	1,	NULL,	NULL),
(2,	'მრავალშვილიანი',	1,	NULL,	NULL),
(3,	'ობოლი',	1,	NULL,	NULL),
(4,	'შეზღუდული შესაძლებლობის',	1,	NULL,	NULL),
(5,	'სპეციალურად საჭიროების',	1,	NULL,	NULL),
(6,	'აღსაზრდელი რომლის დედმამიშვილიც დადის ბაღში',	1,	NULL,	NULL),
(7,	'სასკოლე ასაკი',	1,	NULL,	NULL),
(8,	'დევნილი',	1,	NULL,	NULL);

DROP TABLE IF EXISTS `kid_nationalities`;
CREATE TABLE `kid_nationalities` (
  `id` bigint(20) unsigned NOT NULL AUTO_INCREMENT,
  `name` varchar(255) COLLATE utf8mb4_unicode_ci NOT NULL,
  `user_id` int(11) NOT NULL,
  `created_at` timestamp NULL DEFAULT NULL,
  `updated_at` timestamp NULL DEFAULT NULL,
  PRIMARY KEY (`id`)
) ENGINE=InnoDB DEFAULT CHARSET=utf8mb4 COLLATE=utf8mb4_unicode_ci;

INSERT INTO `kid_nationalities` (`id`, `name`, `user_id`, `created_at`, `updated_at`) VALUES
(1,	'ქართველი',	1,	NULL,	NULL),
(2,	'აზერბაიჯანელი',	1,	NULL,	NULL),
(3,	'რუსი',	1,	NULL,	NULL),
(4,	'სომეხი',	1,	NULL,	NULL),
(5,	'ასირიელი',	1,	NULL,	NULL),
(6,	'სხვა',	1,	NULL,	NULL);

DROP TABLE IF EXISTS `kindergarden_branches`;
CREATE TABLE `kindergarden_branches` (
  `id` bigint(20) unsigned NOT NULL AUTO_INCREMENT,
  `name` varchar(255) COLLATE utf8mb4_unicode_ci NOT NULL,
  `address` varchar(255) COLLATE utf8mb4_unicode_ci NOT NULL,
  `branch_manager` varchar(255) COLLATE utf8mb4_unicode_ci NOT NULL,
  `phone` int(11) DEFAULT NULL,
  `email` varchar(255) COLLATE utf8mb4_unicode_ci DEFAULT NULL,
  `created_at` timestamp NULL DEFAULT NULL,
  `updated_at` timestamp NULL DEFAULT NULL,
  `deleted_at` timestamp NULL DEFAULT NULL,
  PRIMARY KEY (`id`)
) ENGINE=InnoDB DEFAULT CHARSET=utf8mb4 COLLATE=utf8mb4_unicode_ci;

INSERT INTO `kindergarden_branches` (`id`, `name`, `address`, `branch_manager`, `phone`, `email`, `created_at`, `updated_at`, `deleted_at`) VALUES
(1,	'გარდაბნის  № 1 ბ / ბაღი',	'ა. მუსტაფაევის ქ №5',	'საბინა  ნეიმატოვა',	595057336,	'Sabina.neymatova@mail.ru',	'2022-06-16 15:02:02',	'2022-06-17 04:29:01',	NULL),
(2,	'გარდაბნის  № 2 ბ / ბაღი',	'ლესელიძის ქ № 1',	'მანანა  გოგბაიძე',	595057337,	'Gogbaidzemanana925@gmail.com',	'2022-06-16 15:06:39',	'2022-06-17 04:29:26',	NULL),
(3,	'გარდაბნის  № 3 ბ / ბაღი',	'აღმაშენებლის  ქ № 5ა',	'მარინა  ჩხუტიაშვილი',	595057338,	'chxutiashvilimarina@gmail.com',	'2022-06-16 15:10:31',	'2022-06-17 04:29:45',	NULL),
(4,	'გარდაბნის  № 4 ბ / ბაღი',	'აღმაშენებლის  ქ № 129',	'ნანა  ჭკუასელიძე',	595057339,	'chkuaselidzenana@gmail.com',	'2022-06-16 15:12:22',	'2022-06-16 15:15:01',	NULL),
(5,	'გარდაბნის  № 5 ბ / ბაღი',	'ლელაშხას  დასახლება',	'ნანი  გულბანი',	595057341,	'Nanigulbani73@gmail.com',	'2022-06-16 15:14:34',	'2022-06-16 15:14:34',	NULL),
(6,	'ვახტანგისის ბ / ბაღი',	'სოფ. ვახტანგისი',	'ირმა  თხილავა',	595057342,	'txilava.irma@mail.ru',	'2022-06-16 15:17:49',	'2022-06-16 15:17:49',	NULL),
(7,	'კალინინოს ბ / ბაღი',	'სოფ. კალინინო',	'აინურ  ბაირამოვა',	577424861,	'Aynurbairamova2020@gmail.com',	'2022-06-16 15:22:55',	'2022-06-16 15:22:55',	NULL),
(8,	'ქესალოს ბ / ბაღი',	'სოფ.  ქესალო',	'იშვა  ხიალოვა',	577549176,	'Ishva.khialovaa@gmail.com',	'2022-06-16 15:24:34',	'2022-06-16 15:24:34',	NULL),
(9,	'ნაზარლოს ბ / ბაღი',	'სოფ. ნაზარლო',	'გულნარა  ნასიბოვა',	568013032,	'Gulnar.nasibova91@gmail.com',	'2022-06-16 15:26:18',	'2022-06-16 15:26:18',	NULL),
(10,	'სართიჭალის № 1 ბ / ბაღი',	'სოფ. სართიჭალა',	'მაია მჭედლიშვილი',	595057343,	'Tikotsatskrialashvili@gmail.com',	'2022-06-16 15:34:58',	'2022-06-16 15:34:58',	NULL),
(11,	'სართიჭალის № 2 ბ / ბაღი',	'სოფ. სართიჭალა',	'ნინო  ლურსმანაშვილი',	595057344,	'lursmanashvili.nino@gmail.com',	'2022-06-16 15:36:20',	'2022-06-16 15:36:20',	NULL),
(12,	'მუღანლოს ბ/ ბაღი',	'სოფ. მუღანლო',	'მამუშა მამედოვა',	595057356,	'mamusha.mamedova01@gmail.com',	'2022-06-16 15:37:47',	'2022-06-16 15:37:47',	NULL),
(13,	'მარტყოფის № 1 ბ / ბაღი',	'სოფ. მარტყოფი',	'მარიკა იობაშვილი',	595057346,	'Marika7iobashvili@gmail.com',	'2022-06-16 15:39:54',	'2022-06-16 15:39:54',	NULL),
(14,	'მარტყოფის № 2 ბ / ბაღი',	'სოფ. მარტყოფი',	'მარიამ დილებაშვილი',	595057347,	'nato.oshakmashvili.1@iliauni.edu.ge',	'2022-06-16 15:41:45',	'2022-06-16 15:41:45',	NULL),
(15,	'ნორიოს ბ / ბაღი',	'სოფ. ნორიო',	'მარინა ბარბაქაძე',	595057353,	'mbarbaqadze67@gmail.com',	'2022-06-16 15:43:23',	'2022-06-16 15:43:23',	NULL),
(16,	'ზემო თელეთის ბ / ბღი',	'სოფ. თელეთი',	'დიანა ფერიაშვილი',	595057348,	'dianasposta@gmail.com',	'2022-06-16 15:44:52',	'2022-06-16 15:44:52',	NULL),
(17,	'ქვემო თელეთის ბ/ბაღი',	'სოფ. თელეთი',	'თეა  ბორაშვილი',	595057362,	'revazi.vardiashvili1999@gmail.com',	'2022-06-16 15:47:45',	'2022-06-16 15:47:45',	NULL),
(18,	'კუმისის ბ/ბაღი',	'სოფ. კუმისი',	'ეკატერინე შერეშაშვილი',	595057349,	'ekaterineshereshashvili@gmail.com',	'2022-06-16 15:49:08',	'2022-06-16 15:49:08',	NULL),
(19,	'ახალი სოფლის ბ/ბაღი',	'სოფ. ახალი სოფელი',	'მარინა ჩადუნელი',	595057354,	'mchaduneli@internet.ru',	'2022-06-16 15:50:38',	'2022-06-16 15:50:38',	NULL),
(20,	'საცხენისის ბ/ბაღი',	'სოფ. საცხენისი',	'ია ცისკარიშვილი',	595057363,	'mchaduneli@internet.ru',	'2022-06-16 15:53:26',	'2022-06-16 15:53:26',	NULL),
(21,	'გამარჯვების №1 ბ/ბაღი',	'სოფ. გამარჯვება',	'ლეილა ტივაძე',	595057357,	'leila.tivadze@mail.ru',	'2022-06-16 15:55:20',	'2022-06-16 15:55:20',	NULL),
(22,	'გამარჯვების №2 ბ/ბაღი',	'სოფ. გამარჯვება',	'ირინა გელაშვილი',	595057358,	'Gelashviliirina96@gmail.com',	'2022-06-16 15:56:38',	'2022-06-16 15:56:38',	NULL),
(23,	'გამარჯვების №3 ბ/ბაღი',	'სოფ. გამარჯვება',	'ნინო ხელაშვილი',	577549206,	'Gelashviliirina96@gmail.com',	'2022-06-16 15:57:49',	'2022-06-16 15:57:49',	NULL),
(24,	'კრწანისის ბ/ბაღი',	'სოფ. კრწანისი',	'ციცო მეფარიშვილი',	595057359,	'Cicino-mefarishvili67@mail.ru',	'2022-06-16 15:59:17',	'2022-06-16 15:59:17',	NULL),
(25,	'ახალი სამგორის ბ/ბაღი',	'სოფ. ახალი სამგორი',	'რიტა მძელური',	595057361,	'Cicino-mefarishvili67@mail.ru',	'2022-06-16 16:00:38',	'2022-06-16 16:00:38',	NULL),
(26,	'აღთაკლია-კარათაკლიის ბ/ბაღი',	'სოფ. გაჩიანი',	'ელისო ჭელიძე',	595318324,	'chelidzeeliso43@gmail.com',	'2022-06-16 16:02:05',	'2022-06-16 16:02:05',	NULL),
(27,	'ყარაჯალარის ბ/ბაღი',	'სოფ. გაჩიანი',	'მ/შ    თიკა',	577549189,	'xisaeva@list.ru',	'2022-06-16 16:03:59',	'2022-06-16 16:03:59',	NULL),
(28,	'მზიანეთის ბ/ბაღი',	'სოფ. მზიანეთი',	'ნანა ოქროაძე',	595057360,	'Nana.oqroadze@gmail.com',	'2022-06-16 16:05:25',	'2022-06-16 16:05:25',	NULL),
(29,	'ლემშვენიერას №1 ბ/ბაღი',	'სოფ. ლემშვენიერა',	'ნათია იოსელიანი',	577122962,	'Natiaioseliani61@gmail.com',	'2022-06-16 16:07:01',	'2022-06-16 16:07:01',	NULL),
(30,	'ლემშვენიერას №2 ბ/ბაღი',	'სოფ. ლემშვენიერა',	'კატო  აფრასიძე',	577122963,	'afrasidzekato@gmail.com',	'2022-06-16 16:08:22',	'2022-06-16 16:08:22',	NULL),
(31,	'ნაგების ბ/ბაღი',	'სოფ. ნაგები',	'ლალი ტეტუნაშვილი',	577549183,	'Lalitetunashvili72@gmail.com',	'2022-06-16 16:09:55',	'2022-06-16 16:09:55',	NULL),
(32,	'ვაზიანის ბ/ბაღი',	'სოფ. ვაზიანი',	'სოფიკო ნოზაძე',	577122961,	'Nozadze.sofia@bk.ru',	'2022-06-16 16:11:34',	'2022-06-16 16:11:34',	NULL),
(33,	'ჯანდარის  ბ/ბაღი',	'სოფ. ჯანდარა',	'ელნარა  მამედოვა',	577970522,	'Mamedovaelnara248@gmail.com',	'2022-06-16 16:13:34',	'2022-06-16 16:13:34',	NULL);

DROP TABLE IF EXISTS `kindergarden_groups`;
CREATE TABLE `kindergarden_groups` (
  `id` bigint(20) unsigned NOT NULL AUTO_INCREMENT,
  `name` varchar(255) COLLATE utf8mb4_unicode_ci NOT NULL,
  `vacancy` int(11) NOT NULL,
  `created_at` timestamp NULL DEFAULT NULL,
  `updated_at` timestamp NULL DEFAULT NULL,
  `deleted_at` timestamp NULL DEFAULT NULL,
  `kindergarden_branch_id` bigint(20) unsigned NOT NULL,
  PRIMARY KEY (`id`),
  KEY `kindergarden_branch_fk_5659299` (`kindergarden_branch_id`),
  CONSTRAINT `kindergarden_branch_fk_5659299` FOREIGN KEY (`kindergarden_branch_id`) REFERENCES `kindergarden_branches` (`id`)
) ENGINE=InnoDB DEFAULT CHARSET=utf8mb4 COLLATE=utf8mb4_unicode_ci;

INSERT INTO `kindergarden_groups` (`id`, `name`, `vacancy`, `created_at`, `updated_at`, `deleted_at`, `kindergarden_branch_id`) VALUES
(1,	'2-3',	-6,	'2022-06-16 15:02:02',	'2022-07-01 04:36:10',	NULL,	1),
(2,	'3-4',	-12,	'2022-06-16 15:02:02',	'2022-06-21 01:52:46',	NULL,	1),
(3,	'4-5',	-34,	'2022-06-16 15:02:02',	'2022-06-22 05:59:03',	NULL,	1),
(4,	'5-6',	-51,	'2022-06-16 15:02:02',	'2022-06-22 01:21:25',	NULL,	1),
(5,	'2-3',	0,	'2022-06-16 15:06:39',	'2022-06-16 15:06:39',	NULL,	2),
(6,	'3-4',	0,	'2022-06-16 15:06:39',	'2022-06-16 15:06:39',	NULL,	2),
(7,	'4-5',	-1,	'2022-06-16 15:06:39',	'2022-06-23 03:45:00',	NULL,	2),
(8,	'5-6',	0,	'2022-06-16 15:06:39',	'2022-06-16 15:06:39',	NULL,	2),
(9,	'2-3',	-3,	'2022-06-16 15:10:31',	'2022-06-23 05:12:28',	NULL,	3),
(10,	'3-4',	-17,	'2022-06-16 15:10:31',	'2022-06-23 05:06:44',	NULL,	3),
(11,	'4-5',	-26,	'2022-06-16 15:10:31',	'2022-06-23 13:38:51',	NULL,	3),
(12,	'5-6',	-55,	'2022-06-16 15:10:31',	'2022-06-23 16:23:02',	NULL,	3),
(13,	'2-3',	0,	'2022-06-16 15:12:22',	'2022-06-28 04:20:31',	NULL,	4),
(14,	'3-4',	-7,	'2022-06-16 15:12:22',	'2022-06-22 03:07:08',	NULL,	4),
(15,	'4-5',	-40,	'2022-06-16 15:12:22',	'2022-06-22 07:04:11',	NULL,	4),
(16,	'5-6',	-58,	'2022-06-16 15:12:22',	'2022-06-23 00:21:24',	NULL,	4),
(17,	'2-3',	0,	'2022-06-16 15:14:34',	'2022-06-16 15:14:34',	NULL,	5),
(18,	'3-4',	-11,	'2022-06-16 15:14:34',	'2022-06-24 05:06:23',	NULL,	5),
(19,	'4-5',	-14,	'2022-06-16 15:14:34',	'2022-06-24 06:59:50',	NULL,	5),
(20,	'5-6',	-17,	'2022-06-16 15:14:34',	'2022-06-24 06:43:11',	NULL,	5),
(21,	'2-3',	0,	'2022-06-16 15:17:49',	'2022-06-16 15:17:49',	NULL,	6),
(22,	'3-4',	0,	'2022-06-16 15:17:49',	'2022-06-16 15:17:49',	NULL,	6),
(23,	'4-5',	0,	'2022-06-16 15:17:49',	'2022-06-16 15:17:49',	NULL,	6),
(24,	'5-6',	0,	'2022-06-16 15:17:49',	'2022-06-16 15:17:49',	NULL,	6),
(25,	'2-3',	0,	'2022-06-16 15:22:55',	'2022-06-16 15:22:55',	NULL,	7),
(26,	'3-4',	-1,	'2022-06-16 15:22:55',	'2022-06-27 01:22:01',	NULL,	7),
(27,	'4-5',	-12,	'2022-06-16 15:22:55',	'2022-06-27 01:48:30',	NULL,	7),
(28,	'5-6',	-25,	'2022-06-16 15:22:55',	'2022-06-27 04:32:40',	NULL,	7),
(29,	'2-3',	0,	'2022-06-16 15:24:34',	'2022-06-16 15:24:34',	NULL,	8),
(30,	'3-4',	0,	'2022-06-16 15:24:34',	'2022-06-16 15:24:34',	NULL,	8),
(31,	'4-5',	0,	'2022-06-16 15:24:34',	'2022-06-16 15:24:34',	NULL,	8),
(32,	'5-6',	0,	'2022-06-16 15:24:34',	'2022-06-16 15:24:34',	NULL,	8),
(33,	'2-3',	0,	'2022-06-16 15:26:18',	'2022-06-16 15:26:18',	NULL,	9),
(34,	'3-4',	0,	'2022-06-16 15:26:18',	'2022-06-16 15:26:18',	NULL,	9),
(35,	'4-5',	0,	'2022-06-16 15:26:18',	'2022-06-16 15:26:18',	NULL,	9),
(36,	'5-6',	0,	'2022-06-16 15:26:18',	'2022-06-16 15:26:18',	NULL,	9),
(37,	'2-3',	0,	'2022-06-16 15:34:58',	'2022-06-16 15:34:58',	NULL,	10),
(38,	'3-4',	0,	'2022-06-16 15:34:58',	'2022-06-16 15:34:58',	NULL,	10),
(39,	'4-5',	0,	'2022-06-16 15:34:58',	'2022-06-16 15:34:58',	NULL,	10),
(40,	'5-6',	0,	'2022-06-16 15:34:58',	'2022-06-16 15:34:58',	NULL,	10),
(41,	'2-3',	0,	'2022-06-16 15:36:20',	'2022-06-16 15:36:20',	NULL,	11),
(42,	'3-4',	0,	'2022-06-16 15:36:20',	'2022-06-16 15:36:20',	NULL,	11),
(43,	'4-5',	0,	'2022-06-16 15:36:20',	'2022-06-16 15:36:20',	NULL,	11),
(44,	'5-6',	0,	'2022-06-16 15:36:20',	'2022-06-16 15:36:20',	NULL,	11),
(45,	'2-3',	0,	'2022-06-16 15:37:47',	'2022-06-16 15:37:47',	NULL,	12),
(46,	'3-4',	0,	'2022-06-16 15:37:47',	'2022-06-16 15:37:47',	NULL,	12),
(47,	'4-5',	0,	'2022-06-16 15:37:47',	'2022-06-16 15:37:47',	NULL,	12),
(48,	'5-6',	0,	'2022-06-16 15:37:47',	'2022-06-16 15:37:47',	NULL,	12),
(49,	'2-3',	0,	'2022-06-16 15:39:54',	'2022-06-16 15:39:54',	NULL,	13),
(50,	'3-4',	0,	'2022-06-16 15:39:54',	'2022-06-16 15:39:54',	NULL,	13),
(51,	'4-5',	0,	'2022-06-16 15:39:54',	'2022-06-16 15:39:54',	NULL,	13),
(52,	'5-6',	0,	'2022-06-16 15:39:54',	'2022-06-16 15:39:54',	NULL,	13),
(53,	'2-3',	0,	'2022-06-16 15:41:45',	'2022-06-16 15:41:45',	NULL,	14),
(54,	'3-4',	0,	'2022-06-16 15:41:45',	'2022-06-16 15:41:45',	NULL,	14),
(55,	'4-5',	0,	'2022-06-16 15:41:45',	'2022-06-16 15:41:45',	NULL,	14),
(56,	'5-6',	0,	'2022-06-16 15:41:45',	'2022-06-16 15:41:45',	NULL,	14),
(57,	'2-3',	0,	'2022-06-16 15:43:23',	'2022-06-16 15:43:23',	NULL,	15),
(58,	'3-4',	0,	'2022-06-16 15:43:23',	'2022-06-16 15:43:23',	NULL,	15),
(59,	'4-5',	0,	'2022-06-16 15:43:23',	'2022-06-16 15:43:23',	NULL,	15),
(60,	'5-6',	0,	'2022-06-16 15:43:23',	'2022-06-16 15:43:23',	NULL,	15),
(61,	'2-3',	0,	'2022-06-16 15:44:52',	'2022-06-16 15:44:52',	NULL,	16),
(62,	'3-4',	0,	'2022-06-16 15:44:52',	'2022-06-16 15:44:52',	NULL,	16),
(63,	'4-5',	0,	'2022-06-16 15:44:52',	'2022-06-16 15:44:52',	NULL,	16),
(64,	'5-6',	0,	'2022-06-16 15:44:52',	'2022-06-16 15:44:52',	NULL,	16),
(65,	'2-3',	0,	'2022-06-16 15:47:45',	'2022-06-16 15:47:45',	NULL,	17),
(66,	'3-4',	0,	'2022-06-16 15:47:45',	'2022-06-16 15:47:45',	NULL,	17),
(67,	'4-5',	0,	'2022-06-16 15:47:45',	'2022-06-16 15:47:45',	NULL,	17),
(68,	'5-6',	0,	'2022-06-16 15:47:45',	'2022-06-16 15:47:45',	NULL,	17),
(69,	'2-3',	0,	'2022-06-16 15:49:08',	'2022-06-16 15:49:08',	NULL,	18),
(70,	'3-4',	0,	'2022-06-16 15:49:08',	'2022-06-16 15:49:08',	NULL,	18),
(71,	'4-5',	0,	'2022-06-16 15:49:08',	'2022-06-16 15:49:08',	NULL,	18),
(72,	'5-6',	0,	'2022-06-16 15:49:08',	'2022-06-16 15:49:08',	NULL,	18),
(73,	'2-3',	0,	'2022-06-16 15:50:38',	'2022-06-16 15:50:38',	NULL,	19),
(74,	'3-4',	0,	'2022-06-16 15:50:38',	'2022-06-16 15:50:38',	NULL,	19),
(75,	'4-5',	0,	'2022-06-16 15:50:38',	'2022-06-16 15:50:38',	NULL,	19),
(76,	'5-6',	0,	'2022-06-16 15:50:38',	'2022-06-16 15:50:38',	NULL,	19),
(77,	'2-3',	0,	'2022-06-16 15:53:26',	'2022-06-16 15:53:26',	NULL,	20),
(78,	'3-4',	0,	'2022-06-16 15:53:26',	'2022-06-16 15:53:26',	NULL,	20),
(79,	'4-5',	0,	'2022-06-16 15:53:26',	'2022-06-16 15:53:26',	NULL,	20),
(80,	'5-6',	0,	'2022-06-16 15:53:26',	'2022-06-16 15:53:26',	NULL,	20),
(81,	'2-3',	0,	'2022-06-16 15:55:20',	'2022-06-16 15:55:20',	NULL,	21),
(82,	'3-4',	0,	'2022-06-16 15:55:20',	'2022-06-16 15:55:20',	NULL,	21),
(83,	'4-5',	0,	'2022-06-16 15:55:20',	'2022-06-16 15:55:20',	NULL,	21),
(84,	'5-6',	0,	'2022-06-16 15:55:20',	'2022-06-16 15:55:20',	NULL,	21),
(85,	'2-3',	0,	'2022-06-16 15:56:38',	'2022-06-16 15:56:38',	NULL,	22),
(86,	'3-4',	0,	'2022-06-16 15:56:38',	'2022-06-16 15:56:38',	NULL,	22),
(87,	'4-5',	0,	'2022-06-16 15:56:38',	'2022-06-16 15:56:38',	NULL,	22),
(88,	'5-6',	0,	'2022-06-16 15:56:38',	'2022-06-16 15:56:38',	NULL,	22),
(89,	'2-3',	0,	'2022-06-16 15:57:49',	'2022-06-16 15:57:49',	NULL,	23),
(90,	'3-4',	0,	'2022-06-16 15:57:49',	'2022-06-16 15:57:49',	NULL,	23),
(91,	'4-5',	0,	'2022-06-16 15:57:49',	'2022-06-16 15:57:49',	NULL,	23),
(92,	'5-6',	0,	'2022-06-16 15:57:49',	'2022-06-16 15:57:49',	NULL,	23),
(93,	'2-3',	0,	'2022-06-16 15:59:17',	'2022-06-16 15:59:17',	NULL,	24),
(94,	'3-4',	0,	'2022-06-16 15:59:17',	'2022-06-16 15:59:17',	NULL,	24),
(95,	'4-5',	0,	'2022-06-16 15:59:17',	'2022-06-16 15:59:17',	NULL,	24),
(96,	'5-6',	0,	'2022-06-16 15:59:17',	'2022-06-16 15:59:17',	NULL,	24),
(97,	'2-3',	0,	'2022-06-16 16:00:38',	'2022-06-16 16:00:38',	NULL,	25),
(98,	'3-4',	0,	'2022-06-16 16:00:38',	'2022-06-16 16:00:38',	NULL,	25),
(99,	'4-5',	0,	'2022-06-16 16:00:38',	'2022-06-16 16:00:38',	NULL,	25),
(100,	'5-6',	0,	'2022-06-16 16:00:38',	'2022-06-16 16:00:38',	NULL,	25),
(101,	'2-3',	0,	'2022-06-16 16:02:05',	'2022-06-16 16:02:05',	NULL,	26),
(102,	'3-4',	0,	'2022-06-16 16:02:05',	'2022-06-16 16:02:05',	NULL,	26),
(103,	'4-5',	0,	'2022-06-16 16:02:05',	'2022-06-16 16:02:05',	NULL,	26),
(104,	'5-6',	0,	'2022-06-16 16:02:05',	'2022-06-16 16:02:05',	NULL,	26),
(105,	'2-3',	0,	'2022-06-16 16:03:59',	'2022-06-16 16:03:59',	NULL,	27),
(106,	'3-4',	0,	'2022-06-16 16:03:59',	'2022-06-16 16:03:59',	NULL,	27),
(107,	'4-5',	0,	'2022-06-16 16:03:59',	'2022-06-16 16:03:59',	NULL,	27),
(108,	'5-6',	0,	'2022-06-16 16:03:59',	'2022-06-16 16:03:59',	NULL,	27),
(109,	'2-3',	0,	'2022-06-16 16:05:25',	'2022-06-16 16:05:25',	NULL,	28),
(110,	'3-4',	0,	'2022-06-16 16:05:25',	'2022-06-16 16:05:25',	NULL,	28),
(111,	'4-5',	0,	'2022-06-16 16:05:25',	'2022-06-16 16:05:25',	NULL,	28),
(112,	'5-6',	0,	'2022-06-16 16:05:25',	'2022-06-16 16:05:25',	NULL,	28),
(113,	'2-3',	0,	'2022-06-16 16:07:01',	'2022-06-16 16:07:01',	NULL,	29),
(114,	'3-4',	0,	'2022-06-16 16:07:01',	'2022-06-16 16:07:01',	NULL,	29),
(115,	'4-5',	0,	'2022-06-16 16:07:01',	'2022-06-16 16:07:01',	NULL,	29),
(116,	'5-6',	0,	'2022-06-16 16:07:01',	'2022-06-16 16:07:01',	NULL,	29),
(117,	'2-3',	0,	'2022-06-16 16:08:22',	'2022-06-16 16:08:22',	NULL,	30),
(118,	'3-4',	0,	'2022-06-16 16:08:22',	'2022-06-16 16:08:22',	NULL,	30),
(119,	'4-5',	0,	'2022-06-16 16:08:22',	'2022-06-16 16:08:22',	NULL,	30),
(120,	'5-6',	0,	'2022-06-16 16:08:22',	'2022-06-16 16:08:22',	NULL,	30),
(121,	'2-3',	0,	'2022-06-16 16:09:55',	'2022-06-16 16:09:55',	NULL,	31),
(122,	'3-4',	0,	'2022-06-16 16:09:55',	'2022-06-16 16:09:55',	NULL,	31),
(123,	'4-5',	0,	'2022-06-16 16:09:55',	'2022-06-16 16:09:55',	NULL,	31),
(124,	'5-6',	0,	'2022-06-16 16:09:55',	'2022-06-16 16:09:55',	NULL,	31),
(125,	'2-3',	0,	'2022-06-16 16:11:34',	'2022-06-16 16:11:34',	NULL,	32),
(126,	'3-4',	0,	'2022-06-16 16:11:34',	'2022-06-16 16:11:34',	NULL,	32),
(127,	'4-5',	0,	'2022-06-16 16:11:34',	'2022-06-16 16:11:34',	NULL,	32),
(128,	'5-6',	0,	'2022-06-16 16:11:34',	'2022-06-16 16:11:34',	NULL,	32),
(129,	'2-3',	0,	'2022-06-16 16:13:34',	'2022-06-16 16:13:34',	NULL,	33),
(130,	'3-4',	0,	'2022-06-16 16:13:34',	'2022-06-16 16:13:34',	NULL,	33),
(131,	'4-5',	0,	'2022-06-16 16:13:34',	'2022-06-16 16:13:34',	NULL,	33),
(132,	'5-6',	0,	'2022-06-16 16:13:34',	'2022-06-16 16:13:34',	NULL,	33);

DROP TABLE IF EXISTS `media`;
CREATE TABLE `media` (
  `id` bigint(20) unsigned NOT NULL AUTO_INCREMENT,
  `model_type` varchar(255) COLLATE utf8mb4_unicode_ci NOT NULL,
  `model_id` bigint(20) unsigned NOT NULL,
  `uuid` char(36) COLLATE utf8mb4_unicode_ci DEFAULT NULL,
  `collection_name` varchar(255) COLLATE utf8mb4_unicode_ci NOT NULL,
  `name` varchar(255) COLLATE utf8mb4_unicode_ci NOT NULL,
  `file_name` varchar(255) COLLATE utf8mb4_unicode_ci NOT NULL,
  `mime_type` varchar(255) COLLATE utf8mb4_unicode_ci DEFAULT NULL,
  `disk` varchar(255) COLLATE utf8mb4_unicode_ci NOT NULL,
  `conversions_disk` varchar(255) COLLATE utf8mb4_unicode_ci DEFAULT NULL,
  `size` bigint(20) unsigned NOT NULL,
  `manipulations` longtext CHARACTER SET utf8mb4 COLLATE utf8mb4_bin NOT NULL CHECK (json_valid(`manipulations`)),
  `custom_properties` longtext CHARACTER SET utf8mb4 COLLATE utf8mb4_bin NOT NULL CHECK (json_valid(`custom_properties`)),
  `responsive_images` longtext CHARACTER SET utf8mb4 COLLATE utf8mb4_bin NOT NULL CHECK (json_valid(`responsive_images`)),
  `order_column` int(10) unsigned DEFAULT NULL,
  `created_at` timestamp NULL DEFAULT NULL,
  `updated_at` timestamp NULL DEFAULT NULL,
  PRIMARY KEY (`id`),
  KEY `media_model_type_model_id_index` (`model_type`,`model_id`)
) ENGINE=InnoDB DEFAULT CHARSET=utf8mb4 COLLATE=utf8mb4_unicode_ci;


DROP TABLE IF EXISTS `migrations`;
CREATE TABLE `migrations` (
  `id` int(10) unsigned NOT NULL AUTO_INCREMENT,
  `migration` varchar(255) COLLATE utf8mb4_unicode_ci NOT NULL,
  `batch` int(11) NOT NULL,
  PRIMARY KEY (`id`)
) ENGINE=InnoDB DEFAULT CHARSET=utf8mb4 COLLATE=utf8mb4_unicode_ci;

INSERT INTO `migrations` (`id`, `migration`, `batch`) VALUES
(1,	'2014_10_12_100000_create_password_resets_table',	1),
(2,	'2021_12_24_000001_create_media_table',	1),
(3,	'2021_12_24_000002_create_permissions_table',	1),
(4,	'2021_12_24_000003_create_roles_table',	1),
(5,	'2021_12_24_000004_create_users_table',	1),
(6,	'2021_12_24_000005_create_crm_statuses_table',	1),
(7,	'2021_12_24_000006_create_crm_customers_table',	1),
(8,	'2021_12_24_000007_create_crm_notes_table',	1),
(9,	'2021_12_24_000008_create_crm_documents_table',	1),
(10,	'2021_12_24_000009_create_kindergarden_branches_table',	1),
(11,	'2021_12_24_000010_create_kindergarden_groups_table',	1),
(12,	'2021_12_24_000011_create_kids_table',	1),
(13,	'2021_12_24_000012_create_parent_guardians_table',	1),
(14,	'2021_12_24_000013_create_permission_role_pivot_table',	1),
(15,	'2021_12_24_000014_create_role_user_pivot_table',	1),
(16,	'2021_12_24_000015_add_relationship_fields_to_crm_customers_table',	1),
(17,	'2021_12_24_000016_add_relationship_fields_to_crm_notes_table',	1),
(18,	'2021_12_24_000017_add_relationship_fields_to_crm_documents_table',	1),
(19,	'2021_12_24_000018_add_relationship_fields_to_kindergarden_groups_table',	1),
(20,	'2021_12_24_000019_add_relationship_fields_to_kids_table',	1),
(21,	'2021_12_24_202825_add_phone_to_parent_guardian_table',	1),
(22,	'2021_12_24_202825_change_phone_data_type',	2),
(23,	'2022_02_11_095923_add_email_to_kindergarden_branch_table',	3),
(24,	'2022_02_14_164308_create_kid_categories_table',	4),
(25,	'2022_02_14_172345_add_category_field_to_kids_table',	4),
(26,	'2022_02_16_165443_add_addon_group_id_to_kids_table',	5),
(27,	'2022_02_17_154254_create_index_table',	6),
(28,	'2022_02_17_161624_create_kid_nationalities_table',	7),
(29,	'2022_02_17_161739_add_nationality_field_to_kids_table',	7),
(30,	'2022_02_17_164423_create_received_mails_table',	8),
(31,	'2022_02_18_094201_add_header_content_field_to_index_table',	9);

DROP TABLE IF EXISTS `parent_guardians`;
CREATE TABLE `parent_guardians` (
  `id` bigint(20) unsigned NOT NULL AUTO_INCREMENT,
  `name` varchar(255) COLLATE utf8mb4_unicode_ci NOT NULL,
  `lastname` varchar(255) COLLATE utf8mb4_unicode_ci NOT NULL,
  `email` varchar(255) COLLATE utf8mb4_unicode_ci DEFAULT NULL,
  `id_number` varchar(25) COLLATE utf8mb4_unicode_ci NOT NULL,
  `phone` varchar(13) COLLATE utf8mb4_unicode_ci NOT NULL,
  `guardian_type` varchar(255) COLLATE utf8mb4_unicode_ci NOT NULL,
  `created_at` timestamp NULL DEFAULT NULL,
  `updated_at` timestamp NULL DEFAULT NULL,
  `deleted_at` timestamp NULL DEFAULT NULL,
  PRIMARY KEY (`id`),
  UNIQUE KEY `parent_guardians_id_number_unique` (`id_number`)
) ENGINE=InnoDB DEFAULT CHARSET=utf8mb4 COLLATE=utf8mb4_unicode_ci;

INSERT INTO `parent_guardians` (`id`, `name`, `lastname`, `email`, `id_number`, `phone`, `guardian_type`, `created_at`, `updated_at`, `deleted_at`) VALUES
(1,	'ასკერ',	'მამედოვი',	NULL,	'12001096328',	'599086188',	'მამა',	'2022-06-17 04:39:40',	'2022-07-01 03:39:53',	NULL),
(2,	'რაუფ',	'ჯაფაროვი',	NULL,	'12001039069',	'558023722',	'მამა',	'2022-06-17 04:54:43',	'2022-07-01 03:39:42',	NULL),
(3,	'თეონა',	'კურცხალიძე',	'shergelashvilitea@mail.ru',	'61001072384',	'555909394',	'დედა',	'2022-06-20 06:11:06',	'2022-06-20 08:00:50',	'2022-06-20 08:00:50'),
(4,	'ანარ',	'ჯაბაროვი',	NULL,	'12001096748',	'558361321',	'მამა',	'2022-06-20 08:02:15',	'2022-07-01 03:39:25',	NULL),
(5,	'რუფათ',	'რაგიმოვი',	NULL,	'12001068471',	'558372480',	'მამა',	'2022-06-20 08:06:11',	'2022-07-01 03:39:20',	NULL),
(6,	'სეადეტ',	'რუსტამოვა',	NULL,	'12001088702',	'577549593',	'დედა',	'2022-06-20 08:13:59',	'2022-07-01 03:40:04',	NULL),
(7,	'მინაზარ',	'ისმაილოვა',	NULL,	'12001097204',	'568009977',	'დედა',	'2022-06-20 08:17:18',	'2022-07-01 03:40:08',	NULL),
(8,	'მაზახირ',	'მეხტიევი',	NULL,	'12001030246',	'577958919',	'მამა',	'2022-06-20 08:20:25',	'2022-07-01 03:40:41',	NULL),
(9,	'ფამილ',	'მუსტაფაევი',	NULL,	'12001051606',	'555646368',	'მამა',	'2022-06-20 08:24:15',	'2022-07-01 03:40:46',	NULL),
(10,	'ჯანფოლად',	'მამედოვი',	NULL,	'12001078784',	'597994262',	'მამა',	'2022-06-20 08:38:30',	'2022-07-01 03:40:51',	NULL),
(11,	'ემილ',	'იგიდოვ',	NULL,	'12001073367',	'598343071',	'მამა',	'2022-06-20 08:41:57',	'2022-07-01 03:40:55',	NULL),
(12,	'ემილ',	'ისაევი',	NULL,	'12001033581',	'555989640',	'მამა',	'2022-06-20 08:45:02',	'2022-07-01 03:41:00',	NULL),
(13,	'ელვინ',	'ისაევი',	NULL,	'12001073200',	'599622646',	'მამა',	'2022-06-20 08:47:47',	'2022-07-01 03:41:06',	NULL),
(14,	'ნინო',	'ოკუჯავა',	'ni.okujava@gmail.com',	'62011004231',	'598443700',	'დედა',	'2022-06-20 09:47:50',	'2022-06-21 06:33:06',	'2022-06-21 06:33:06'),
(15,	'ასიმ',	'გასანოვი',	NULL,	'12001091375',	'595335073',	'მამა',	'2022-06-21 00:06:09',	'2022-07-01 03:41:15',	NULL),
(16,	'ელმან',	'გასანოვი',	NULL,	'12001054519',	'592255178',	'მამა',	'2022-06-21 00:08:57',	'2022-07-01 03:41:20',	NULL),
(17,	'რამინ',	'გასანოვი',	NULL,	'35001090525',	'595539335',	'მამა',	'2022-06-21 00:13:49',	'2022-07-01 03:41:28',	NULL),
(18,	'რამინ',	'ალიევი',	NULL,	'12001024305',	'551605263',	'მამა',	'2022-06-21 00:16:22',	'2022-07-01 03:41:32',	NULL),
(19,	'საიბ',	'აიევი',	NULL,	'12001089956',	'593259793',	'მამა',	'2022-06-21 00:18:52',	'2022-07-01 03:41:38',	NULL),
(20,	'სამირ',	'ალიევი',	NULL,	'12001042336',	'555280493',	'მამა',	'2022-06-21 01:38:05',	'2022-07-01 03:41:43',	NULL),
(21,	'აიდან',	'ფაშაევა',	NULL,	'12101107101',	'555280493',	'დედა',	'2022-06-21 01:43:35',	'2022-07-01 03:42:02',	NULL),
(22,	'აზერ',	'ალიევი',	NULL,	'12001038990',	'555670024',	'მამა',	'2022-06-21 01:45:46',	'2022-07-01 03:42:23',	NULL),
(23,	'მასუთ',	'ალიევი',	NULL,	'12350000993',	'599961282',	'მამა',	'2022-06-21 01:49:09',	'2022-07-01 03:42:27',	NULL),
(24,	'ნამიკ',	'ალახვერდიევი',	NULL,	'12001003980',	'591259249',	'მამა',	'2022-06-21 01:51:30',	'2022-07-01 03:42:31',	NULL),
(25,	'რამილ',	'ბაირამოვი',	NULL,	'12001049740',	'591666276',	'მამა',	'2022-06-21 01:53:27',	'2022-07-01 03:42:36',	NULL),
(26,	'რაუფ',	'ნასიბოვი',	NULL,	'12001083606',	'558000009',	'მამა',	'2022-06-21 01:57:42',	'2022-07-01 03:42:45',	NULL),
(27,	'არზუხან',	'მამედოვი',	NULL,	'12601101705',	'557510721',	'მამა',	'2022-06-21 02:01:19',	'2022-07-01 03:42:50',	NULL),
(28,	'სევილ',	'სადიკოვა',	NULL,	'12001036614',	'598828308',	'დედა',	'2022-06-21 02:05:02',	'2022-07-01 03:48:16',	NULL),
(29,	'ირინა',	'მაკარიჩევა',	NULL,	'12001096216',	'551109801',	'დედა',	'2022-06-21 02:07:46',	'2022-07-01 03:48:12',	NULL),
(30,	'მუდვარ',	'მუხტაროვა',	NULL,	'12001048679',	'571246636',	'დედა',	'2022-06-21 06:42:17',	'2022-07-01 03:48:07',	NULL),
(31,	'ილკინ',	'კაზიევი',	NULL,	'12001099786',	'599414432',	'მამა',	'2022-06-21 07:03:33',	'2022-07-01 03:53:14',	NULL),
(32,	'ხათუნა',	'კაციტაძე',	NULL,	'12001022416',	'557645713',	'დედა',	'2022-06-21 07:49:38',	'2022-07-01 03:48:03',	NULL),
(33,	'შამხალ',	'კულიევი',	NULL,	'12001011978',	'555610961',	'მამა',	'2022-06-21 07:56:48',	'2022-07-01 03:53:10',	NULL),
(34,	'რაშად',	'იბრაგიმოვი',	NULL,	'12401104334',	'557536025',	'მამა',	'2022-06-21 08:02:03',	'2022-07-01 03:53:05',	NULL),
(35,	'ნამიკ',	'ზეინალოვი',	NULL,	'12001059507',	'568497997',	'მამა',	'2022-06-21 08:04:50',	'2022-07-01 03:53:00',	NULL),
(36,	'ბოგდანა',	'ვიდადოვა',	NULL,	'12001092550',	'574890292',	'დედა',	'2022-06-21 14:26:54',	'2022-07-01 03:52:39',	NULL),
(37,	'რასიმი',	'კასუმოვი',	NULL,	'12001004774',	'558403707',	'მამა',	'2022-06-21 14:30:30',	'2022-07-01 03:52:19',	NULL),
(38,	'აიდა',	'ზიულფიგაროვა',	NULL,	'12001075648',	'555947607',	'დედა',	'2022-06-21 14:33:11',	'2022-07-01 03:47:59',	NULL),
(39,	'ელშად',	'გასანოვი',	NULL,	'12001034239',	'555707245',	'მამა',	'2022-06-21 14:35:57',	'2022-07-01 03:52:15',	NULL),
(40,	'რაშად',	'გასანოვი',	NULL,	'12001026523',	'568750476',	'მამა',	'2022-06-21 14:40:49',	'2022-07-01 03:52:11',	NULL),
(41,	'აგილ',	'ბაბაევი',	NULL,	'12001086114',	'593432096',	'მამა',	'2022-06-21 14:43:55',	'2022-07-01 03:52:06',	NULL),
(42,	'ასიფ',	'ბაბაევი',	NULL,	'12001052121',	'593901651',	'მამა',	'2022-06-21 14:47:11',	'2022-07-01 03:52:02',	NULL),
(43,	'ალლაზ',	'ბაქიროვი',	NULL,	'10001055902',	'574028286',	'მამა',	'2022-06-21 14:56:22',	'2022-07-01 03:51:58',	NULL),
(44,	'გიუნაი',	'ბაირამოვა',	NULL,	'28001110779',	'577776141',	'დედა',	'2022-06-21 14:59:29',	'2022-07-01 03:47:55',	NULL),
(45,	'ასიფ',	'ბაკიროვი',	NULL,	'12001036290',	'597985483',	'მამა',	'2022-06-21 15:03:11',	'2022-07-01 03:51:54',	NULL),
(46,	'რაშად',	'ახმედოვი',	NULL,	'12001041114',	'577602847',	'მამა',	'2022-06-21 15:06:55',	'2022-07-01 03:51:49',	NULL),
(47,	'რუსლან',	'ამიროვი',	NULL,	'12901100894',	'592071886',	'მამა',	'2022-06-21 15:12:37',	'2022-07-01 03:51:45',	NULL),
(48,	'სამირ',	'ალიევი',	NULL,	'12001042806',	'595067466',	'მამა',	'2022-06-21 15:16:22',	'2022-07-01 03:51:40',	NULL),
(49,	'ილჩინ',	'ალიბეკოვი',	NULL,	'12001083645',	'555546470',	'მამა',	'2022-06-21 15:19:22',	'2022-07-01 03:51:36',	NULL),
(50,	'რამინ',	'ალიევი',	NULL,	'12001023204',	'599266167',	'მამა',	'2022-06-21 15:22:05',	'2022-07-01 03:51:30',	NULL),
(51,	'აიგუნ',	'ხალილოვა',	NULL,	'12501102291',	'597092475',	'დედა',	'2022-06-21 15:25:28',	'2022-07-01 03:47:51',	NULL),
(52,	'ემილ',	'ახმედოვი',	NULL,	'12001067663',	'555694876',	'მამა',	'2022-06-21 16:09:20',	'2022-07-01 03:51:24',	NULL),
(53,	'ფაიკ',	'მამედოვი',	NULL,	'12001038592',	'555906522',	'მამა',	'2022-06-21 16:12:35',	'2022-07-01 03:51:14',	NULL),
(54,	'ილკანა',	'სულთანოვა',	NULL,	'12001092536',	'557536025',	'დედა',	'2022-06-21 16:17:34',	'2022-07-01 03:47:47',	NULL),
(55,	'სამირ',	'ნასიბოვი',	NULL,	'12001084503',	'593500570',	'მამა',	'2022-06-21 16:20:41',	'2022-07-01 03:51:10',	NULL),
(56,	'სახიბ',	'ახმედოვი',	NULL,	'12001091326',	'557779031',	'მამა',	'2022-06-21 16:23:01',	'2022-07-01 03:51:06',	NULL),
(57,	'ნურლან',	'ალიევ',	NULL,	'12401108815',	'555103520',	'მამა',	'2022-06-21 16:25:53',	'2022-07-01 03:51:01',	NULL),
(58,	'ახმედ',	'გუსეინოვი',	NULL,	'12001085866',	'555437912',	'მამა',	'2022-06-21 16:28:45',	'2022-07-01 03:50:54',	NULL),
(59,	'იეკანა',	'გასანოვა',	NULL,	'12001011642',	'574154674',	'დედა',	'2022-06-21 16:32:20',	'2022-07-01 03:47:42',	NULL),
(60,	'სამირ',	'დურსუნოვი',	NULL,	'12001040481',	'558422721',	'მამა',	'2022-06-21 16:35:31',	'2022-07-01 03:50:49',	NULL),
(61,	'მეხმან',	'გუსეინოვი',	NULL,	'12001028436',	'557264521',	'მამა',	'2022-06-21 16:38:01',	'2022-07-01 03:50:45',	NULL),
(62,	'ტაკმინა',	'გუმბატოვა',	NULL,	'12001083643',	'558422721',	'დედა',	'2022-06-21 16:41:28',	'2022-07-01 03:47:38',	NULL),
(63,	'ფარიდ',	'ეიუბოვი',	NULL,	'01008047034',	'568676079',	'მამა',	'2022-06-21 16:44:40',	'2022-07-01 03:50:39',	NULL),
(64,	'ტურალ',	'ისკანდაროვი',	NULL,	'12001083199',	'597006263',	'მამა',	'2022-06-21 16:47:32',	'2022-07-01 03:50:33',	NULL),
(65,	'ელენა',	'მუსტაფაევა',	NULL,	'12401106210',	'579191868',	'დედა',	'2022-06-21 16:50:28',	'2022-07-01 03:47:35',	NULL),
(66,	'როვშან',	'კურბანოვი',	NULL,	'12901106841',	'599155008',	'მამა',	'2022-06-21 16:54:32',	'2022-07-01 03:50:28',	NULL),
(67,	'ილგარ',	'ორუჯოვი',	NULL,	'12001028894',	'599626971',	'მამა',	'2022-06-21 23:51:24',	'2022-07-01 03:50:22',	NULL),
(68,	'ემილ',	'მუსტაფაევი',	NULL,	'12001043080',	'593661569',	'მამა',	'2022-06-21 23:55:00',	'2022-07-01 03:50:17',	NULL),
(69,	'შირალი',	'კაგრამანაოვი',	NULL,	'10001040101',	'568806898',	'მამა',	'2022-06-21 23:57:38',	'2022-07-01 03:50:13',	NULL),
(70,	'ნაზაქათ',	'შახვერდოვი',	NULL,	'12001098769',	'558372480',	'დედა',	'2022-06-22 00:00:39',	'2022-07-01 03:47:31',	NULL),
(71,	'მეხმან',	'რაჯაბოვი',	NULL,	'12001033663',	'555446736',	'მამა',	'2022-06-22 00:02:32',	'2022-07-01 03:50:07',	NULL),
(72,	'ვუგარ',	'სადიკოვი',	NULL,	'12001008770',	'577958911',	'მამა',	'2022-06-22 00:06:16',	'2022-07-01 03:49:57',	NULL),
(73,	'ნანა',	'უსუპ კიზი',	NULL,	'31001018757',	'555534583',	'მამა',	'2022-06-22 00:09:03',	'2022-07-01 03:49:51',	NULL),
(74,	'ფადაილ',	'ხალილოვი',	NULL,	'12001053502',	'593577830',	'მამა',	'2022-06-22 00:11:19',	'2022-07-01 03:49:47',	NULL),
(75,	'გიუნაი',	'ასკიაროვა',	NULL,	'12001097261',	'557713799',	'დედა',	'2022-06-22 00:14:51',	'2022-07-01 03:47:27',	NULL),
(76,	'ზაირა',	'ისკანდაროვა',	NULL,	'12001013546',	'574139249',	'დედა',	'2022-06-22 00:17:25',	'2022-07-01 03:47:20',	NULL),
(77,	'აისელ',	'ალიევა',	NULL,	'12001095674',	'574450677',	'დედა',	'2022-06-22 00:20:32',	'2022-07-01 03:47:16',	NULL),
(78,	'გიულნარა',	'მამედოვა',	NULL,	'12001069541',	'574141345',	'დედა',	'2022-06-22 00:22:33',	'2022-07-01 03:47:12',	NULL),
(79,	'აფინა',	'ვალიევა',	NULL,	'12001084585',	'599721519',	'დედა',	'2022-06-22 00:24:41',	'2022-07-01 03:47:08',	NULL),
(80,	'აგილა',	'ისაევა',	NULL,	'12001075584',	'577021349',	'დედა',	'2022-06-22 00:26:42',	'2022-07-01 03:47:04',	NULL),
(81,	'ილგამა',	'მამედოვა',	NULL,	'12001081256',	'597994262',	'დედა',	'2022-06-22 00:28:47',	'2022-07-01 03:47:00',	NULL),
(82,	'ალფინა',	'კულიევა',	NULL,	'12001084594',	'555202752',	'დედა',	'2022-06-22 00:30:38',	'2022-07-01 03:46:55',	NULL),
(83,	'ფლორა',	'სადიკოვა',	NULL,	'12001080129',	'557905142',	'დედა',	'2022-06-22 00:33:13',	'2022-07-01 03:46:51',	NULL),
(84,	'ფარი',	'კურბანოვა',	NULL,	'12001081830',	'599338012',	'დედა',	'2022-06-22 00:35:28',	'2022-07-01 03:46:47',	NULL),
(85,	'ემილია',	'ველიევა',	NULL,	'12001074310',	'597925152',	'დედა',	'2022-06-22 00:37:47',	'2022-07-01 03:43:26',	NULL),
(86,	'საიდა',	'ისმაილოვა',	NULL,	'12001094542',	'595056696',	'დედა',	'2022-06-22 00:39:41',	'2022-07-01 03:44:00',	NULL),
(87,	'კიამალა',	'გუსეინოვა',	NULL,	'12001098557',	'599058393',	'დედა',	'2022-06-22 00:42:03',	'2022-07-01 03:43:56',	NULL),
(88,	'ბულგეიზ',	'გუსეინოვა',	NULL,	'12001096875',	'555720014',	'დედა',	'2022-06-22 00:44:13',	'2022-07-01 03:43:51',	NULL),
(89,	'რუმია',	'ახმედოვა',	NULL,	'12001042224',	'574835844',	'დედა',	'2022-06-22 00:46:22',	'2022-07-01 03:43:45',	NULL),
(90,	'ქამალა',	'დილანჩიევა',	NULL,	'12001087165',	'574102387',	'დედა',	'2022-06-22 00:48:28',	'2022-07-01 03:43:37',	NULL),
(91,	'ესმირა',	'ვალიევა',	NULL,	'12001073944',	'577602826',	'დედა',	'2022-06-22 00:50:10',	'2022-07-01 03:43:29',	NULL),
(92,	'ორხან',	'ახმედოვ',	NULL,	'12001082523',	'577602826',	'მამა',	'2022-06-22 00:52:38',	'2022-07-01 03:38:57',	NULL),
(93,	'ავსანა',	'ჯაბაროვა',	NULL,	'12001096879',	'557129661',	'დედა',	'2022-06-22 00:54:32',	'2022-07-01 03:38:35',	NULL),
(94,	'გუგლა',	'ჯაბაროვა',	NULL,	'12701109020',	'558361321',	'დედა',	'2022-06-22 00:56:43',	'2022-07-01 03:38:22',	NULL),
(95,	'ნატალია',	'მეხრიშვილი',	NULL,	'01027035582',	'595228224',	'დედა',	'2022-06-22 00:58:54',	'2022-07-01 03:38:16',	NULL),
(96,	'მაშალახ',	'მუსაევი',	NULL,	'12001028440',	'599102666',	'მამა',	'2022-06-22 01:02:21',	'2022-07-01 03:37:59',	NULL),
(97,	'ჯულიეტა',	'მუკვანი',	NULL,	'62006029164',	'557935576',	'დედა',	'2022-06-22 01:16:41',	'2022-07-01 03:37:46',	NULL),
(98,	'შაფიგა',	'აგაკიშიევა',	NULL,	'12001063227',	'555601522',	'დედა',	'2022-06-22 01:18:30',	'2022-07-01 03:37:40',	NULL),
(99,	'გიულჩინ',	'ხიალოვა',	NULL,	'12001095593',	'571174540',	'დედა',	'2022-06-22 01:20:24',	'2022-07-01 03:37:36',	NULL),
(100,	'სახიბა',	'ბაირამოვა',	NULL,	'12001047866',	'591666276',	'დედა',	'2022-06-22 01:26:56',	'2022-07-01 03:37:33',	NULL),
(101,	'თურქან',	'გუსეინოვა',	NULL,	'12001082997',	'593259793',	'დედა',	'2022-06-22 01:29:21',	'2022-07-01 03:37:29',	NULL),
(102,	'ზაურ',	'ალიევი',	NULL,	'12001081834',	'577941184',	'მამა',	'2022-06-22 01:49:07',	'2022-07-01 04:08:23',	NULL),
(103,	'სახიბ',	'ალიევი',	NULL,	'12001092658',	'593682856',	'მამა',	'2022-06-22 01:55:18',	'2022-07-01 04:08:28',	NULL),
(104,	'ემილ',	'ალიევი',	NULL,	'12001038957',	'574060642',	'მამა',	'2022-06-22 02:05:01',	'2022-07-01 04:08:33',	NULL),
(105,	'პარვინ',	'ახმედოვი',	NULL,	'12001076826',	'599516777',	'მამა',	'2022-06-22 02:09:04',	'2022-07-01 04:08:37',	NULL),
(106,	'ტელმან',	'გასანოვ',	NULL,	'12001070043',	'598484611',	'მამა',	'2022-06-22 02:12:16',	'2022-07-01 04:09:01',	NULL),
(107,	'მანტიგ',	'ზეინალოვი',	NULL,	'12001015925',	'591189101',	'მამა',	'2022-06-22 02:14:42',	'2022-07-01 04:09:09',	NULL),
(108,	'აფგან',	'კასუმოვი',	NULL,	'12001051220',	'599779323',	'მამა',	'2022-06-22 02:16:40',	'2022-07-01 04:09:14',	NULL),
(109,	'ისმაილ',	'კურბანოვი',	NULL,	'12001033805',	'568901102',	'მამა',	'2022-06-22 02:25:37',	'2022-07-01 04:09:19',	NULL),
(110,	'რახიბ',	'მურადოვი',	NULL,	'12001048871',	'598197646',	'მამა',	'2022-06-22 02:33:20',	'2022-07-01 04:09:23',	NULL),
(111,	'რამილ',	'ოსმანოვი',	NULL,	'65002011388',	'551168829',	'მამა',	'2022-06-22 02:39:13',	'2022-07-01 04:09:28',	NULL),
(112,	'სახავათ',	'პირიევი',	NULL,	'12001085074',	'598901982',	'მამა',	'2022-06-22 02:49:14',	'2022-07-01 04:09:32',	NULL),
(113,	'ჯაბრაილ',	'გუსეინოვი',	NULL,	'12001072346',	'593567463',	'მამა',	'2022-06-22 02:52:58',	'2022-07-01 04:09:37',	NULL),
(114,	'ოსმან',	'ისმაილოვი',	NULL,	'12001097464',	'577548502',	'მამა',	'2022-06-22 02:57:51',	'2022-07-01 04:09:42',	NULL),
(115,	'რაფაელ',	'აბასოვი',	NULL,	'12001080812',	'551065506',	'მამა',	'2022-06-22 03:03:17',	'2022-07-01 04:09:46',	NULL),
(116,	'მოისეი',	'ადამოვი',	NULL,	'12001090430',	'514007995',	'მამა',	'2022-06-22 03:05:41',	'2022-07-01 04:09:51',	NULL),
(117,	'ელშან',	'მამედოვი',	NULL,	'12001096985',	'592125150',	'მამა',	'2022-06-22 03:11:30',	'2022-07-01 04:09:57',	NULL),
(118,	'ფარმან',	'მამედოვი',	NULL,	'12001094629',	'599546489',	'მამა',	'2022-06-22 03:14:57',	'2022-07-01 04:10:04',	NULL),
(119,	'ფაზილ',	'ალიევი',	NULL,	'12001091502',	'599056488',	'მამა',	'2022-06-22 03:17:11',	'2022-07-01 04:10:09',	NULL),
(120,	'კარიმ',	'ახმედოვი',	NULL,	'12001069929',	'597740267',	'მამა',	'2022-06-22 03:19:04',	'2022-07-01 04:10:14',	NULL),
(121,	'აფიკ',	'ახმედოვი',	NULL,	'12001082468',	'599401637',	'მამა',	'2022-06-22 03:21:04',	'2022-07-01 04:10:19',	NULL),
(122,	'ნაზიმ',	'ისმაილოვი',	NULL,	'12001075108',	'599379766',	'მამა',	'2022-06-22 03:24:42',	'2022-07-01 04:10:24',	NULL),
(123,	'პარვიზ',	'იუსუბოვი',	NULL,	'12501105054',	'599616403',	'მამა',	'2022-06-22 03:26:23',	'2022-07-01 04:10:30',	NULL),
(124,	'გიორგი',	'ავრო',	NULL,	'12601101785',	'597908941',	'მამა',	'2022-06-22 03:28:14',	'2022-07-01 04:10:35',	NULL),
(125,	'რამილ',	'ალიევი',	NULL,	'12001038621',	'591969449',	'მამა',	'2022-06-22 03:34:08',	'2022-07-01 04:10:40',	NULL),
(126,	'ხალილ',	'ალიევი',	NULL,	'12801107596',	'555905492',	'მამა',	'2022-06-22 03:36:07',	'2022-07-01 04:10:46',	NULL),
(127,	'აფიგ',	'ალიევი',	NULL,	'12001028747',	'595998929',	'მამა',	'2022-06-22 03:38:02',	'2022-07-01 04:10:55',	NULL),
(128,	'ახმირან',	'ამიროვი',	NULL,	'12001089781',	'599806881',	'მამა',	'2022-06-22 03:40:16',	'2022-07-01 04:11:01',	NULL),
(129,	'სირაჯ',	'ასლანოვი',	NULL,	'12001081114',	'551555532',	'მამა',	'2022-06-22 03:43:41',	'2022-07-01 04:11:05',	NULL),
(130,	'ელშან',	'ახმედოვი',	NULL,	'12001051216',	'598204224',	'მამა',	'2022-06-22 03:45:38',	'2022-07-01 04:11:10',	NULL),
(131,	'ატაშ',	'ახმედოვი',	NULL,	'12001084365',	'599571172',	'მამა',	'2022-06-22 03:48:23',	'2022-07-01 04:11:14',	NULL),
(132,	'რასიმ',	'ახმედოვი',	NULL,	'12001038336',	'593319843',	'მამა',	'2022-06-22 03:55:03',	'2022-07-01 04:11:18',	NULL),
(133,	'რამინ',	'ბაირამოვი',	NULL,	'12001068488',	'579325821',	'მამა',	'2022-06-22 03:58:42',	'2022-07-01 04:11:22',	NULL),
(134,	'ვუსალ',	'გუსეინოვი',	NULL,	'12001054085',	'574123266',	'მამა',	'2022-06-22 04:00:50',	'2022-07-01 04:11:26',	NULL),
(135,	'სულეიმან',	'თალიბოვი',	NULL,	'12001053696',	'591332363',	'მამა',	'2022-06-22 04:03:10',	'2022-07-01 04:11:29',	NULL),
(136,	'ალექსანდრე',	'იაკუბოვი',	NULL,	'12001036837',	'598377583',	'მამა',	'2022-06-22 04:05:43',	'2022-07-01 04:11:33',	NULL),
(137,	'თინათინ',	'ჩიქობავა',	NULL,	'12001003878',	'555589244',	'დედა',	'2022-06-22 04:08:44',	'2022-07-01 04:01:13',	NULL),
(138,	'ზელიმხან',	'იბრაგიმოვი',	NULL,	'12001033956',	'574519466',	'მამა',	'2022-06-22 04:12:22',	'2022-07-01 04:18:38',	NULL),
(139,	'ჯეიხუნ',	'იბრაგიმოვი',	NULL,	'12001096954',	'551182933',	'მამა',	'2022-06-22 04:17:07',	'2022-07-01 04:18:34',	NULL),
(140,	'პანახ',	'ისმაილოვ',	NULL,	'01002017580',	'551016644',	'მამა',	'2022-06-22 05:04:12',	'2022-07-01 04:18:07',	NULL),
(141,	'ხაიალ',	'იუსიფოვ',	NULL,	'35001092351',	'599959239',	'მამა',	'2022-06-22 05:06:31',	'2022-07-01 04:18:03',	NULL),
(142,	'ახლიმან',	'იუსუბოვი',	NULL,	'12001034363',	'599117231',	'მამა',	'2022-06-22 05:09:30',	'2022-07-01 04:17:59',	NULL),
(143,	'ხაგანი',	'იუსუბოვი',	NULL,	'12001008139',	'599117231',	'მამა',	'2022-06-22 05:11:56',	'2022-07-01 04:17:55',	NULL),
(144,	'ელიმხან',	'იუსუბოვი',	NULL,	'12001085709',	'555180164',	'მამა',	'2022-06-22 05:14:51',	'2022-07-01 04:17:51',	NULL),
(145,	'ოსმან',	'კაზუმოვი',	NULL,	'12001042577',	'579154608',	'მამა',	'2022-06-22 05:19:27',	'2022-07-01 04:17:47',	NULL),
(146,	'ქამალ',	'კასუმოვი',	NULL,	'12001093675',	'574294884',	'მამა',	'2022-06-22 05:25:42',	'2022-07-01 04:17:44',	NULL),
(147,	'იუსუბ',	'კიაზიმოვი',	NULL,	'12001091185',	'551822215',	'მამა',	'2022-06-22 05:28:06',	'2022-07-01 04:17:40',	NULL),
(148,	'საფია',	'ბაბასევი',	NULL,	'12001098315',	'595057368',	'დედა',	'2022-06-22 05:32:00',	'2022-07-01 04:01:36',	NULL),
(149,	'რადიხან',	'მამედოვი',	NULL,	'12001089674',	'555100898',	'მამა',	'2022-06-22 05:34:07',	'2022-07-01 04:17:36',	NULL),
(150,	'ფარმან',	'მამედოვი',	NULL,	'12001083454',	'568090953',	'მამა',	'2022-06-22 05:36:06',	'2022-07-01 04:17:31',	NULL),
(151,	'ვალი',	'მამედოვი',	NULL,	'12001022785',	'555112756',	'მამა',	'2022-06-22 05:38:19',	'2022-07-01 04:17:27',	NULL),
(152,	'ილგამ',	'მამიშოვი',	NULL,	'12001060519',	'599536369',	'მამა',	'2022-06-22 05:40:46',	'2022-07-01 04:17:23',	NULL),
(153,	'შაქირ',	'მახმუდოვი',	NULL,	'12001087595',	'592700774',	'მამა',	'2022-06-22 05:43:04',	'2022-07-01 04:17:20',	NULL),
(154,	'თაბრიზ',	'მუსაევი',	NULL,	'12401102588',	'577081904',	'მამა',	'2022-06-22 05:46:04',	'2022-07-01 04:17:14',	NULL),
(155,	'ინსაფ',	'მუსაევი',	NULL,	'12001041321',	'597064738',	'მამა',	'2022-06-22 05:48:10',	'2022-07-01 04:17:10',	NULL),
(156,	'ქიამრან',	'მუსაევი',	NULL,	'12001075602',	'555469173',	'მამა',	'2022-06-22 05:50:27',	'2022-07-01 04:17:06',	NULL),
(157,	'მურაფის',	'ოსმანოვი',	NULL,	'12001099131',	'593259835',	'მამა',	'2022-06-22 05:54:15',	'2022-07-01 04:17:02',	NULL),
(158,	'ელმურაზ',	'აბდულაევი',	NULL,	'12001083213',	'577013369',	'მამა',	'2022-06-22 05:56:53',	'2022-07-01 04:16:57',	NULL),
(159,	'ეთარ',	'ოსმანოვა',	NULL,	'12001098471',	'593259835',	'დედა',	'2022-06-22 06:01:39',	'2022-07-01 04:05:04',	NULL),
(160,	'ელნურ',	'სადიკოვი',	NULL,	'12501105304',	'595586273',	'მეურვის ტიპი',	'2022-06-22 06:06:13',	'2022-06-22 06:08:38',	NULL),
(161,	'ვაზუხა',	'ქიარიმოვა',	NULL,	'12150003579',	'595405316',	'დედა',	'2022-06-22 06:12:36',	'2022-07-01 04:01:40',	NULL),
(162,	'რუსლანი',	'ქიარიმოვი',	NULL,	'12001065835',	'571004764',	'მამა',	'2022-06-22 06:15:19',	'2022-07-01 04:15:53',	NULL),
(163,	'ალამშად',	'კიარიმოვი',	NULL,	'12001083766',	'599042514',	'მამა',	'2022-06-22 06:53:23',	'2022-07-01 04:15:49',	NULL),
(164,	'ფაზილ',	'ხალილოვი',	NULL,	'12001081221',	'558360380',	'მამა',	'2022-06-22 06:57:42',	'2022-07-01 04:15:46',	NULL),
(165,	'დიანა',	'ხუდოევი',	NULL,	'01027068970',	'558100557',	'დედა',	'2022-06-22 07:02:00',	'2022-07-01 04:01:46',	NULL),
(166,	'ტურალ',	'ალიევი',	NULL,	'12001091439',	'595899639',	'მამა',	'2022-06-22 07:05:23',	'2022-07-01 04:15:42',	NULL),
(167,	'ჯანფოლად',	'აბდულაევ',	NULL,	'12001003733',	'574012472',	'მამა',	'2022-06-22 07:16:18',	'2022-07-01 04:15:37',	NULL),
(168,	'ლელა',	'შარმაზანაშვილი',	NULL,	'14001026773',	'597908941',	'დედა',	'2022-06-22 07:22:55',	'2022-07-01 04:01:52',	NULL),
(169,	'ლერი',	'ავალიანი',	NULL,	'12001066086',	'599015282',	'მამა',	'2022-06-22 07:25:06',	'2022-07-01 04:15:34',	NULL),
(170,	'ელნურა',	'ალიევა',	NULL,	'12001065469',	'577941184',	'დედა',	'2022-06-22 07:28:43',	'2022-07-01 04:01:57',	NULL),
(171,	'ულვია',	'იგიდოვა',	NULL,	'12001060234',	'574060642',	'დედა',	'2022-06-22 07:33:00',	'2022-07-01 04:02:01',	NULL),
(172,	'მუნავარ',	'ასლანოვა',	NULL,	'12950001892',	'551555632',	'დედა',	'2022-06-22 07:45:27',	'2022-07-01 04:02:05',	NULL),
(173,	'მურაფის',	'ახმედოვი',	NULL,	'12001079089',	'555474697',	'მამა',	'2022-06-22 07:49:31',	'2022-07-01 04:15:30',	NULL),
(174,	'ავახანუმ',	'იბრაგიმოვა',	NULL,	'12001095958',	'579325750',	'დედა',	'2022-06-22 07:55:28',	'2022-07-01 04:02:10',	NULL),
(175,	'ლუთვუ',	'ოსმანოვა',	'iamindisadikova@gmail.com',	'12001093665',	'597313611',	'დედა',	'2022-06-22 09:52:29',	'2022-06-22 09:52:29',	NULL),
(176,	'რიზვან',	'ახმედოვი',	NULL,	'12001033650',	'597994276',	'მამა',	'2022-06-22 12:45:58',	'2022-07-01 04:15:26',	NULL),
(177,	'არიფ',	'აშიროვი',	NULL,	'12001053754',	'599253051',	'მამა',	'2022-06-22 12:51:40',	'2022-07-01 04:15:22',	NULL),
(178,	'აფიგ',	'ბაბაევი',	NULL,	'12001065048',	'598205532',	'მამა',	'2022-06-22 12:55:26',	'2022-07-01 04:15:18',	NULL),
(179,	'ახლიმან',	'ბაირამოვი',	NULL,	'12001010909',	'555917368',	'მამა',	'2022-06-22 12:58:05',	'2022-07-01 04:15:14',	NULL),
(180,	'ალექსანდრე',	'ბეშიძე',	NULL,	'12401102008',	'598841784',	'მამა',	'2022-06-22 13:02:27',	'2022-07-01 04:15:10',	NULL),
(181,	'სადი',	'იბრაგიმოვი',	NULL,	'12001028890',	'599736945',	'მამა',	'2022-06-22 13:06:43',	'2022-07-01 04:15:06',	NULL),
(182,	'რახიბ',	'იბრაგიმოვი',	NULL,	'12001083398',	'591924044',	'მამა',	'2022-06-22 13:09:44',	'2022-07-01 04:15:02',	NULL),
(183,	'სევდაგულ',	'ისმაილოვა',	NULL,	'12001083417',	'593203011',	'დედა',	'2022-06-22 14:37:06',	'2022-07-01 04:02:16',	NULL),
(184,	'თეიმურაზ',	'კასუმოვი',	NULL,	'12001089306',	'599977796',	'მამა',	'2022-06-22 14:42:45',	'2022-07-01 04:14:57',	NULL),
(185,	'შუქურ',	'ისკანდაროვი',	NULL,	'12001046242',	'568948488',	'მეურვის ტიპი',	'2022-06-22 14:45:59',	'2022-06-22 14:48:30',	NULL),
(186,	'ნატიკ',	'კასუმოვი',	NULL,	'12001033393',	'579366001',	'მამა',	'2022-06-22 14:53:07',	'2022-07-01 04:13:37',	NULL),
(187,	'ანდრეი',	'ლაზარევი',	NULL,	'12001061336',	'599168058',	'მამა',	'2022-06-22 14:55:58',	'2022-07-01 04:13:16',	NULL),
(188,	'მაფტუნ',	'მამედოვი',	NULL,	'12001094184',	'599911626',	'მამა',	'2022-06-22 14:58:08',	'2022-07-01 04:13:13',	NULL),
(189,	'ილგარ',	'მამედოვი',	NULL,	'12001015444',	'555329883',	'მამა',	'2022-06-22 15:01:05',	'2022-07-01 04:13:09',	NULL),
(190,	'ორხან',	'მამედოვი',	NULL,	'12001083864',	'599117231',	'მამა',	'2022-06-22 15:03:02',	'2022-07-01 04:13:05',	NULL),
(191,	'ილგამ',	'მამედოვი',	NULL,	'12001062752',	'555729091',	'მამა',	'2022-06-22 15:05:03',	'2022-07-01 04:13:02',	NULL),
(192,	'კურბან',	'მამედოვი',	NULL,	'12001002822',	'599151281',	'მამა',	'2022-06-22 15:06:59',	'2022-07-01 04:12:57',	NULL),
(193,	'ჯელალ',	'მამედოვი',	NULL,	'12001049902',	'568750535',	'მეურვის ტიპი',	'2022-06-22 15:24:57',	'2022-06-22 15:27:26',	NULL),
(194,	'ხაგანი',	'მამედოვი',	NULL,	'12001042496',	'577096864',	'მამა',	'2022-06-22 15:30:07',	'2022-07-01 04:12:19',	NULL),
(195,	'გიულგუნ',	'მამიშოვა',	NULL,	'12001095642',	'599536369',	'დედა',	'2022-06-22 15:33:51',	'2022-07-01 04:02:20',	NULL),
(196,	'ასიფ',	'მუსაევი',	NULL,	'12001040566',	'577182576',	'მამა',	'2022-06-22 15:37:19',	'2022-07-01 04:12:39',	NULL),
(197,	'ელვარ',	'მურადოვი',	NULL,	'12001087839',	'557346037',	'მამა',	'2022-06-22 15:39:39',	'2022-07-01 04:12:35',	NULL),
(198,	'მურაფის',	'მეხრაბოვი',	NULL,	'12001057524',	'568136046',	'მამა',	'2022-06-22 15:42:06',	'2022-07-01 04:12:32',	NULL),
(199,	'ბინნატ',	'ნაბიევი',	NULL,	'12001087886',	'599508405',	'მამა',	'2022-06-22 15:45:06',	'2022-07-01 04:12:28',	NULL),
(200,	'სეიდალი',	'ნეიმატოვი',	NULL,	'12001051353',	'592786193',	'მამა',	'2022-06-22 23:54:52',	'2022-07-01 04:12:24',	NULL),
(201,	'აიტაჯ',	'ხალილოვა',	NULL,	'12001099713',	'551119008',	'დედა',	'2022-06-22 23:57:54',	'2022-07-01 04:02:24',	NULL),
(202,	'ელვინ',	'ოსმანოვი',	NULL,	'12001085088',	'551154626',	'მამა',	'2022-06-23 00:00:32',	'2022-07-01 04:21:26',	NULL),
(203,	'ვიტალი',	'ოგანესოვი',	NULL,	'12001065998',	'598237878',	'მამა',	'2022-06-23 00:02:22',	'2022-07-01 04:21:23',	NULL),
(204,	'ეტიბარ',	'ომაროვი',	NULL,	'12001015268',	'599356219',	'მამა',	'2022-06-23 00:04:18',	'2022-07-01 04:21:19',	NULL),
(205,	'არაზ',	'ტომაევი',	NULL,	'12001100635',	'595265648',	'მამა',	'2022-06-23 00:06:43',	'2022-07-01 04:21:15',	NULL),
(206,	'სეიმურ',	'ხალილოვი',	NULL,	'12001055974',	'598199916',	'მამა',	'2022-06-23 00:08:44',	'2022-07-01 04:21:11',	NULL),
(207,	'მამედ',	'ხალილოვი',	NULL,	'12001089157',	'574895042',	'მამა',	'2022-06-23 00:10:33',	'2022-07-01 04:21:07',	NULL),
(208,	'ბინათ',	'ხიალოვი',	NULL,	'12001098330',	'599423235',	'მამა',	'2022-06-23 00:12:41',	'2022-07-01 04:21:02',	NULL),
(209,	'მაგამედ',	'ხალილოვი',	NULL,	'12001080726',	'593259855',	'მამა',	'2022-06-23 00:15:10',	'2022-07-01 04:20:57',	NULL),
(210,	'გიორგი',	'ჯამდელიანი',	NULL,	'12001054160',	'595964002',	'მამა',	'2022-06-23 00:17:43',	'2022-07-01 04:20:52',	NULL),
(211,	'სებილჯან',	'ალიევა',	NULL,	'12201104449',	'555905492',	'მამა',	'2022-06-23 00:20:18',	'2022-07-01 04:21:29',	NULL),
(212,	'ოქტაი',	'ალიბეგაშვილი',	NULL,	'12001035488',	'599408718',	'მამა',	'2022-06-23 00:38:44',	'2022-07-01 04:21:37',	NULL),
(213,	'ზვიადი',	'ჩანქსელიანი',	NULL,	'12001063036',	'5877660307',	'მამა',	'2022-06-23 00:41:31',	'2022-07-01 04:21:41',	NULL),
(214,	'ალდუნ',	'ატამოვი',	NULL,	'12001083408',	'599338012',	'მამა',	'2022-06-23 00:43:39',	'2022-07-01 04:21:44',	NULL),
(215,	'არაზ',	'ისმაილოვი',	NULL,	'12001083951',	'597023574',	'მამა',	'2022-06-23 00:45:48',	'2022-07-01 04:21:59',	NULL),
(216,	'თემურ',	'ჭოველიძე',	NULL,	'50001000981',	'599875781',	'მამა',	'2022-06-23 00:47:49',	'2022-07-01 04:22:02',	NULL),
(217,	'შარიფ',	'იბრაგიმოვი',	NULL,	'12001023550',	'599921247',	'მამა',	'2022-06-23 00:49:33',	'2022-07-01 04:22:06',	NULL),
(218,	'მარინა',	'გუსეინოვა',	NULL,	'12001083991',	'551360436',	'დედა',	'2022-06-23 00:51:53',	'2022-07-01 04:03:42',	NULL),
(219,	'ეტიბარ',	'ისკანდაროვი',	NULL,	'12001089697',	'599989492',	'მამა',	'2022-06-23 00:58:30',	'2022-07-01 04:23:51',	NULL),
(220,	'ტეიუბ',	'გასანოვი',	NULL,	'12001019829',	'557663939',	'მამა',	'2022-06-23 01:00:28',	'2022-07-01 04:23:47',	NULL),
(221,	'ელჩინ',	'ალიევი',	NULL,	'12001022020',	'597058803',	'მამა',	'2022-06-23 01:02:10',	'2022-07-01 04:23:43',	NULL),
(222,	'ლერი',	'ქავთარაძე',	NULL,	'12001000194',	'599851939',	'მამა',	'2022-06-23 01:04:02',	'2022-07-01 04:23:39',	NULL),
(223,	'ნამიკ',	'კიალბიევი',	NULL,	'12001028765',	'595368664',	'მამა',	'2022-06-23 01:06:00',	'2022-07-01 04:23:35',	NULL),
(224,	'გიორგი',	'ავალიანი',	NULL,	'12001021506',	'596118611',	'მამა',	'2022-06-23 01:07:58',	'2022-07-01 04:23:30',	NULL),
(225,	'რახმან',	'ჯაფაროვი',	NULL,	'12001035404',	'557546734',	'მამა',	'2022-06-23 01:10:02',	'2022-07-01 04:23:24',	NULL),
(226,	'რამინ',	'მუსაევი',	NULL,	'12001096696',	'555314054',	'მამა',	'2022-06-23 01:12:04',	'2022-07-01 04:23:20',	NULL),
(227,	'ტუნჯაი',	'ალიევი',	NULL,	'12001035750',	'599545752',	'მამა',	'2022-06-23 01:17:39',	'2022-07-01 04:23:15',	NULL),
(228,	'სალმინაზ',	'კულიევა',	NULL,	'12001074194',	'551615174',	'დედა',	'2022-06-23 03:12:28',	'2022-07-01 04:03:47',	NULL),
(229,	'ჯამილა',	'მამედოვა',	NULL,	'12001020802',	'568777019',	'დედა',	'2022-06-23 03:16:14',	'2022-07-01 04:03:52',	NULL),
(230,	'შახინ',	'ჯაფაროვი',	NULL,	'12001047941',	'557749774',	'მამა',	'2022-06-23 03:18:13',	'2022-07-01 04:24:34',	NULL),
(231,	'დავით',	'მუსაშვილი',	NULL,	'12001099858',	'551119121',	'მამა',	'2022-06-23 03:20:18',	'2022-07-01 04:24:23',	NULL),
(232,	'ნაირ',	'კადიროვი',	NULL,	'12001038435',	'593583657',	'მამა',	'2022-06-23 03:25:31',	'2022-07-01 04:24:17',	NULL),
(233,	'ნუკრი',	'ელიზბარაშვილი',	NULL,	'12001050730',	'557757097',	'მამა',	'2022-06-23 03:30:22',	'2022-07-01 04:24:13',	NULL),
(234,	'რამილ',	'გასანოვი',	NULL,	'12001053898',	'595301686',	'მამა',	'2022-06-23 03:32:29',	'2022-07-01 04:24:07',	NULL),
(235,	'ალუდა',	'ავალიანი',	NULL,	'19001000573',	'598554355',	'მამა',	'2022-06-23 03:39:07',	'2022-07-01 04:24:03',	NULL),
(236,	'ვუგარ',	'ალიევი',	NULL,	'12001045613',	'592023425',	'მამა',	'2022-06-23 03:43:36',	'2022-07-01 04:23:59',	NULL),
(237,	'რასიმ',	'ალიევი',	NULL,	'12001010516',	'599465366',	'მამა',	'2022-06-23 03:45:40',	'2022-07-01 04:23:54',	NULL),
(238,	'სამირა',	'მასიმოვა',	NULL,	'12001022667',	'568766856',	'დედა',	'2022-06-23 03:51:58',	'2022-07-01 04:03:57',	NULL),
(239,	'რევაზი',	'თედორაძე',	NULL,	'12001077739',	'571089844',	'მამა',	'2022-06-23 03:55:29',	'2022-07-01 04:26:00',	NULL),
(240,	'რომან',	'ბერიანი',	NULL,	'62005020870',	'591135413',	'მამა',	'2022-06-23 03:59:02',	'2022-07-01 04:25:57',	NULL),
(241,	'ტარიელ',	'ბინალიევი',	NULL,	'12001035054',	'579023900',	'მამა',	'2022-06-23 04:01:06',	'2022-07-01 04:25:52',	NULL),
(242,	'ვუსალ',	'ბაირამოვი',	NULL,	'12001072264',	'555972799',	'მამა',	'2022-06-23 04:03:03',	'2022-07-01 04:25:47',	NULL),
(243,	'სანამ',	'გასანოვა',	NULL,	'12001093540',	'595301686',	'დედა',	'2022-06-23 04:08:20',	'2022-07-01 04:04:07',	NULL),
(244,	'ანა',	'კურლაევა',	NULL,	'35001111150',	'557757097',	'დედა',	'2022-06-23 04:12:17',	'2022-07-01 04:04:01',	NULL),
(245,	'ემილია',	'ვერდიევა',	NULL,	'12001068603',	'577425382',	'მეურვის ტიპი',	'2022-06-23 04:15:17',	'2022-06-23 04:15:17',	NULL),
(246,	'ჯამალ',	'ვალიევი',	NULL,	'12001009594',	'555606333',	'მამა',	'2022-06-23 04:17:37',	'2022-07-01 04:25:43',	NULL),
(247,	'ჯეიხუნ',	'თალიბოვი',	NULL,	'12001081264',	'551181148',	'მამა',	'2022-06-23 04:19:48',	'2022-07-01 04:25:39',	NULL),
(248,	'ისმაილ',	'ისმაილოვი',	NULL,	'12001056998',	'597023574',	'მამა',	'2022-06-23 04:22:35',	'2022-07-01 04:25:35',	NULL),
(249,	'მეხმან',	'ისაევი',	NULL,	'12001019496',	'577941198',	'მამა',	'2022-06-23 04:26:13',	'2022-07-01 04:25:31',	NULL),
(250,	'რაია',	'ისკანდაროვი',	NULL,	'35601136724',	'597822032',	'დედა',	'2022-06-23 04:33:17',	'2022-07-01 04:04:12',	NULL),
(251,	'ანარ',	'მურადოვი',	NULL,	'12001085564',	'555210131',	'მამა',	'2022-06-23 04:37:13',	'2022-07-01 04:25:21',	NULL),
(252,	'გამიდა',	'სადიკოვა',	NULL,	'12401101941',	'577325567',	'დედა',	'2022-06-23 04:40:09',	'2022-07-01 04:04:15',	NULL),
(253,	'რაშიდ',	'მამედოვი',	NULL,	'01019018519',	'597703892',	'მამა',	'2022-06-23 04:42:49',	'2022-07-01 04:28:01',	NULL),
(254,	'ჯეიხუნ',	'მეხრაბოვი',	NULL,	'12001083617',	'577013183',	'მამა',	'2022-06-23 04:47:06',	'2022-07-01 04:27:58',	NULL),
(255,	'რამინ',	'მურადოვი',	NULL,	'12001010447',	'551536022',	'მამა',	'2022-06-23 04:49:58',	'2022-07-01 04:27:54',	NULL),
(256,	'ჯაბა',	'ონიანი',	NULL,	'31001013715',	'577014997',	'მამა',	'2022-06-23 04:56:06',	'2022-07-01 04:27:50',	NULL),
(257,	'ფამინ',	'სადიკოვი',	NULL,	'12001034447',	'599376966',	'მამა',	'2022-06-23 04:59:43',	'2022-07-01 04:27:46',	NULL),
(258,	'გიგა',	'ღუღუნიშვილი',	NULL,	'12001043875',	'555690678',	'მამა',	'2022-06-23 05:01:54',	'2022-07-01 04:27:42',	NULL),
(259,	'გელა',	'შენგელია',	NULL,	'35001050916',	'551159444',	'მამა',	'2022-06-23 05:05:15',	'2022-07-01 04:27:38',	NULL),
(260,	'ნიკოლოზ',	'ჯაფარიძე',	NULL,	'01009009486',	'597000092',	'მამა',	'2022-06-23 05:10:08',	'2022-07-01 04:27:35',	NULL),
(261,	'გიორგი',	'გუნდიშვილი',	NULL,	'59004005718',	'577624614',	'მამა',	'2022-06-23 05:14:04',	'2022-07-01 04:27:31',	NULL),
(262,	'ვაჟა',	'ფოჩხიძე',	NULL,	'12001091985',	'551246315',	'მამა',	'2022-06-23 05:16:26',	'2022-07-01 04:27:27',	NULL),
(263,	'ემილ',	'გასანოვი',	NULL,	'12001072791',	'558434760',	'მამა',	'2022-06-23 05:20:05',	'2022-07-01 04:27:23',	NULL),
(264,	'ელმუზარ',	'კამბაროვი',	NULL,	'12001021734',	'593173073',	'მამა',	'2022-06-23 05:23:08',	'2022-07-01 04:27:19',	NULL),
(265,	'რაილ',	'ნაბიევი',	NULL,	'12001037290',	'597950400',	'მამა',	'2022-06-23 06:09:09',	'2022-07-01 04:27:16',	NULL),
(266,	'თემურ',	'ისმაილოვი',	NULL,	'12001039066',	'579759555',	'მამა',	'2022-06-23 06:13:38',	'2022-07-01 04:27:12',	NULL),
(267,	'მუსტაფა',	'კასუმოვი',	NULL,	'12001097895',	'595881158',	'მამა',	'2022-06-23 06:20:33',	'2022-07-01 04:27:07',	NULL),
(268,	'პავლე',	'ანტონოვი',	NULL,	'12001068755',	'599107622',	'მამა',	'2022-06-23 06:26:39',	'2022-07-01 04:27:03',	NULL),
(269,	'როვშან',	'პირიევი',	NULL,	'12001000316',	'598413886',	'მამა',	'2022-06-23 06:37:28',	'2022-07-01 04:26:21',	NULL),
(270,	'ივანე',	'ვარდოშვილი',	NULL,	'12001082432',	'599639066',	'მეურვის ტიპი',	'2022-06-23 06:41:30',	'2022-06-23 06:45:17',	NULL),
(271,	'არზუმან',	'შირმამედოვი',	NULL,	'12001051367',	'595483888',	'მამა',	'2022-06-23 07:30:33',	'2022-07-01 04:20:07',	NULL),
(272,	'რამინ',	'მუსაევი',	NULL,	'12001003924',	'551495404',	'მამა',	'2022-06-23 07:32:44',	'2022-07-01 04:20:02',	NULL),
(273,	'კახაბერ',	'პატარავა',	NULL,	'12001011796',	'577013329',	'მამა',	'2022-06-23 08:09:02',	'2022-07-01 04:19:58',	NULL),
(274,	'აინურა',	'ალიევა',	NULL,	'12001005741',	'579180037',	'დედა',	'2022-06-23 08:12:21',	'2022-07-01 04:04:28',	NULL),
(275,	'ვუსალა',	'ბაირამოვა',	NULL,	'12001034459',	'597572093',	'დედა',	'2022-06-23 08:15:10',	'2022-07-01 04:04:24',	NULL),
(276,	'უმაი',	'ასლანოვა',	NULL,	'28001093426',	'592023425',	'დედა',	'2022-06-23 08:18:56',	'2022-07-01 04:04:20',	NULL),
(277,	'ელდოსტ',	'გულიევ',	NULL,	'12001017162',	'594686660',	'მეურვის ტიპი',	'2022-06-23 08:21:36',	'2022-06-23 08:22:08',	NULL),
(278,	'ლადო',	'კურტანიძე',	NULL,	'12001087692',	'598570597',	'მამა',	'2022-06-23 08:25:55',	'2022-07-01 04:19:42',	NULL),
(279,	'ჰეიდარ',	'ალიევი',	NULL,	'12001033309',	'599357766',	'მამა',	'2022-06-23 12:27:56',	'2022-07-01 04:19:39',	NULL),
(280,	'ალექსანდრე',	'გულედანი',	NULL,	'62006061600',	'599383969',	'მეურვის ტიპი',	'2022-06-23 12:34:24',	'2022-06-23 12:34:24',	NULL),
(281,	'იუსიბ',	'გუსეინოვი',	NULL,	'12001081852',	'595136751',	'მამა',	'2022-06-23 12:38:50',	'2022-07-01 04:19:35',	NULL),
(282,	'იამან',	'გუსეინოვი',	NULL,	'12001081688',	'558616068',	'მამა',	'2022-06-23 12:41:37',	'2022-07-01 04:19:32',	NULL),
(283,	'დავით',	'გორგოძე',	NULL,	'09001005055',	'577941197',	'მამა',	'2022-06-23 12:55:33',	'2022-07-01 04:19:26',	NULL),
(284,	'ასიფ',	'გაჯიევი',	NULL,	'12001074197',	'551360436',	'მამა',	'2022-06-23 12:56:26',	'2022-07-01 03:35:35',	NULL),
(285,	'გრიგოლი',	'დევიძე',	NULL,	'12001064442',	'598344332',	'მამა',	'2022-06-23 12:59:10',	'2022-07-01 03:36:55',	NULL),
(286,	'აზერ',	'დილანჩიევი',	NULL,	'12001024881',	'599002356',	'მამა',	'2022-06-23 13:00:29',	'2022-07-01 03:36:49',	NULL),
(287,	'სამირ',	'ეიუბოვი',	NULL,	'12001012134',	'577602042',	'მამა',	'2022-06-23 13:05:05',	'2022-07-01 03:36:45',	NULL),
(288,	'მურზა',	'გულბანი',	NULL,	'12901101352',	'555909394',	'მამა',	'2022-06-23 13:05:12',	'2022-07-01 03:36:41',	NULL),
(289,	'იასინ',	'ხიალოვი',	NULL,	'12001073100',	'571103119',	'მამა',	'2022-06-23 13:09:58',	'2022-07-01 03:36:37',	NULL),
(290,	'სამირ',	'გამბაროვი',	NULL,	'12001027589',	'595237079',	'მამა',	'2022-06-23 13:13:31',	'2022-07-01 03:36:33',	NULL),
(291,	'გურამი',	'კასრაძე',	NULL,	'50001001699',	'598705744',	'მამა',	'2022-06-23 13:16:29',	'2022-07-01 03:36:30',	NULL),
(292,	'არმენ',	'ოგანესიანი',	NULL,	'12001010000',	'577764051',	'მამა',	'2022-06-23 13:18:04',	'2022-07-01 03:36:25',	NULL),
(293,	'გიორგი',	'კაპანაძე',	NULL,	'12001063707',	'568750809',	'მამა',	'2022-06-23 13:20:24',	'2022-07-01 03:36:20',	NULL),
(294,	'რატი',	'გულბანი',	NULL,	'30001008849',	'592059576',	'მამა',	'2022-06-23 13:21:12',	'2022-07-01 03:36:15',	NULL),
(295,	'ლერი',	'კაკრიაშვილი',	NULL,	'62005030150',	'579165776',	'მამა',	'2022-06-23 13:24:02',	'2022-07-01 03:36:11',	NULL),
(296,	'გიორგი',	'ჩიტიშვილი',	NULL,	'35001125375',	'555901713',	'მამა',	'2022-06-23 13:26:47',	'2022-07-01 03:36:00',	NULL),
(297,	'ლევანი',	'კურტანიძე',	NULL,	'12001019952',	'571093615',	'მეურვის ტიპი',	'2022-06-23 13:36:45',	'2022-06-23 13:37:02',	NULL),
(298,	'რაზიმ',	'კიარიმოვი',	NULL,	'12401107347',	'597185017',	'მამა',	'2022-06-23 13:40:29',	'2022-07-01 03:35:57',	NULL),
(299,	'როვშან',	'მამედოვი',	NULL,	'12001033400',	'577703870',	'მამა',	'2022-06-23 13:43:10',	'2022-07-01 03:35:53',	NULL),
(300,	'რამილ',	'მამედოვი',	NULL,	'12001070487',	'597445333',	'მამა',	'2022-06-23 13:45:26',	'2022-07-01 03:35:48',	NULL),
(301,	'ქამრან',	'მასიევ',	NULL,	'12901109054',	'555495846',	'მამა',	'2022-06-23 13:48:13',	'2022-07-01 03:35:42',	NULL),
(302,	'ეიტიბარ',	'მირზალიევი',	NULL,	'12001060380',	'557780136',	'მამა',	'2022-06-23 14:19:29',	'2022-06-30 17:39:50',	NULL),
(303,	'ფუად',	'მურადოვი',	NULL,	'12001008781',	'571184995',	'მამა',	'2022-06-23 14:22:50',	'2022-06-30 17:35:31',	NULL),
(304,	'აისელ',	'ნაბიევი',	NULL,	'12001097470',	'597950400',	'დედა',	'2022-06-23 14:30:42',	'2022-06-30 17:36:36',	NULL),
(305,	'გიორგი',	'ნავროზაშვილი',	NULL,	'12001012106',	'557567806',	'მამა',	'2022-06-23 14:34:04',	'2022-06-30 17:40:07',	NULL),
(306,	'რავაილ',	'ფაშაევი',	NULL,	'12001051451',	'599454375',	'მამა',	'2022-06-23 14:36:35',	'2022-06-30 17:40:17',	NULL),
(307,	'მერაბ',	'ქარდავა',	NULL,	'35001058601',	'597028675',	'მამა',	'2022-06-23 15:53:29',	'2022-06-30 17:41:19',	NULL),
(308,	'სეინურა',	'შამხალოვა',	NULL,	'12001062727',	'555612447',	'დედა',	'2022-06-23 15:58:15',	'2022-06-30 17:39:58',	NULL),
(309,	'ზაზა',	'შაქარიშვილი',	NULL,	'12001008731',	'599525735',	'მამა',	'2022-06-23 16:02:09',	'2022-06-30 17:41:26',	NULL),
(310,	'აიტან',	'შირმამედოვა',	NULL,	'12001097059',	'558442449',	'დედა',	'2022-06-23 16:07:20',	'2022-06-30 17:43:21',	NULL),
(311,	'ანი',	'სოროზნიშვილი',	NULL,	'35001127863',	'555901713',	'დედა',	'2022-06-23 16:12:16',	'2022-06-30 17:43:29',	NULL),
(312,	'გვანცა',	'შარაშიძე',	NULL,	'12001059804',	'579165776',	'დედა',	'2022-06-23 16:18:54',	'2022-06-30 17:43:40',	NULL),
(313,	'ჯამბული',	'კიკილაშვილი',	NULL,	'12001100411',	'598401328',	'მამა',	'2022-06-23 16:21:26',	'2022-06-30 17:43:47',	NULL),
(314,	'ზვიადი',	'გუგავა',	NULL,	'12001035632',	'551818206',	'მამა',	'2022-06-24 04:25:04',	'2022-06-30 17:43:55',	NULL),
(315,	'ირადა',	'კურბანოვა',	NULL,	'24001042882',	'557789192',	'დედა',	'2022-06-24 04:31:04',	'2022-06-30 17:44:17',	NULL),
(316,	'თენგიზ',	'კახრამანოვი',	NULL,	'12001037135',	'595560441',	'მამა',	'2022-06-24 04:34:51',	'2022-06-30 17:44:59',	NULL),
(317,	'ზალიმხან',	'კარაჯაევი',	NULL,	'12001037456',	'568003143',	'მამა',	'2022-06-24 04:41:48',	'2022-06-30 17:45:11',	NULL),
(318,	'არაზ',	'მამედივი',	NULL,	'12001097675',	'592014077',	'მამა',	'2022-06-24 04:43:43',	'2022-07-01 03:27:07',	NULL),
(319,	'აზერ',	'მამედოვი',	NULL,	'12001100760',	'591979059',	'მამა',	'2022-06-24 04:45:25',	'2022-07-01 03:30:24',	NULL),
(320,	'აისუნ',	'მამედოვა',	NULL,	'12001092530',	'591979059',	'დედა',	'2022-06-24 04:50:20',	'2022-06-30 17:44:41',	NULL),
(321,	'რამილ',	'მამედოვი',	NULL,	'12001085169',	'599646323',	'მამა',	'2022-06-24 04:52:36',	'2022-07-01 03:30:31',	NULL),
(322,	'აზერ',	'მამედოვი',	NULL,	'12601104488',	'595301606',	'მამა',	'2022-06-24 04:55:48',	'2022-07-01 03:30:38',	NULL),
(323,	'გუსეინ',	'მურსაკულოვ',	NULL,	'12001070045',	'557606102',	'მამა',	'2022-06-24 04:57:40',	'2022-07-01 03:30:51',	NULL),
(324,	'ჯეიგუნ',	'მურადოვი',	NULL,	'12001084638',	'551536349',	'მამა',	'2022-06-24 04:59:30',	'2022-07-01 03:31:16',	NULL),
(325,	'ვუსალ',	'ნასიბოვი',	NULL,	'12301106497',	'551372328',	'მამა',	'2022-06-24 05:01:22',	'2022-07-01 03:31:21',	NULL),
(326,	'ელშად',	'შირინოვი',	NULL,	'12001043060',	'595301606',	'მამა',	'2022-06-24 05:03:15',	'2022-07-01 03:31:34',	NULL),
(327,	'ლევანი',	'ჯანგველაძე',	NULL,	'12001032372',	'598700426',	'მამა',	'2022-06-24 05:05:13',	'2022-07-01 03:31:39',	NULL),
(328,	'რომანი',	'ახმედოვი',	NULL,	'12001085342',	'599536024',	'მამა',	'2022-06-24 05:13:08',	'2022-07-01 03:31:44',	NULL),
(329,	'ალეკო',	'ავალიანი',	NULL,	'12001044415',	'577014989',	'მამა',	'2022-06-24 05:15:25',	'2022-07-01 03:31:56',	NULL),
(330,	'მახირ',	'ალიევი',	NULL,	'12001049724',	'555367688',	'მამა',	'2022-06-24 05:18:37',	'2022-07-01 03:32:12',	NULL),
(331,	'ნანა',	'ტვილდიანი',	NULL,	'33001057951',	'551818206',	'დედა',	'2022-06-24 05:20:29',	'2022-06-30 17:44:32',	NULL),
(332,	'არაზ',	'გასანოვი',	NULL,	'12001072778',	'599532954',	'მამა',	'2022-06-24 05:22:32',	'2022-07-01 03:33:34',	NULL),
(333,	'კურბან',	'იბრაგიმოვი',	NULL,	'12001003228',	'595301606',	'მამა',	'2022-06-24 05:24:48',	'2022-07-01 03:33:45',	NULL),
(334,	'ორხან',	'იბრაგიმოვი',	NULL,	'12650001220',	'595073094',	'მამა',	'2022-06-24 05:26:46',	'2022-07-01 03:33:51',	NULL),
(335,	'ომარ',	'კიარიმოვი',	NULL,	'12001078125',	'579484883',	'მამა',	'2022-06-24 05:28:40',	'2022-07-01 03:33:59',	NULL),
(336,	'სალეგ',	'კიარიმოვი',	NULL,	'12001083356',	'551092550',	'მამა',	'2022-06-24 05:31:52',	'2022-07-01 03:34:05',	NULL),
(337,	'ემინ',	'მამედოვი',	NULL,	'12001038594',	'597576445',	'მამა',	'2022-06-24 05:34:04',	'2022-07-01 03:34:11',	NULL),
(338,	'რაშად',	'მამედოვი',	NULL,	'12401100963',	'599206646',	'მამა',	'2022-06-24 05:35:59',	'2022-07-01 03:34:16',	NULL),
(339,	'იმამალი',	'მამედოვი',	NULL,	'12001096296',	'599362195',	'მამა',	'2022-06-24 05:38:05',	'2022-07-01 03:34:31',	NULL),
(340,	'არაზ',	'მეხტიევი',	NULL,	'12001002118',	'591113980',	'მამა',	'2022-06-24 05:41:02',	'2022-07-01 03:34:26',	NULL),
(341,	'ფატიმა',	'ალიევა',	NULL,	'12601101275',	'599362195',	'მეურვის ტიპი',	'2022-06-24 05:43:55',	'2022-06-24 05:46:35',	NULL),
(342,	'თეიმურაზ',	'მუსაევი',	NULL,	'12501103618',	'574194164',	'მამა',	'2022-06-24 05:56:42',	'2022-07-01 03:28:53',	NULL),
(343,	'სამირ',	'მამედოვი',	NULL,	'12001064574',	'577605306',	'მამა',	'2022-06-24 05:58:44',	'2022-07-01 03:28:44',	NULL),
(344,	'ლატიფ',	'ნასიბოვი',	NULL,	'12001037759',	'555372328',	'მამა',	'2022-06-24 06:00:57',	'2022-07-01 03:28:34',	NULL),
(345,	'რომანი',	'ნასყიდაშვილი',	NULL,	'35001107680',	'551536399',	'მამა',	'2022-06-24 06:02:57',	'2022-07-01 03:28:29',	NULL),
(346,	'ელლადა',	'ნასიბოვა',	NULL,	'12001070046',	'555522343',	'დედა',	'2022-06-24 06:05:42',	'2022-06-30 17:44:06',	NULL),
(347,	'ატო',	'ონიანი',	NULL,	'12001098117',	'598775277',	'მამა',	'2022-06-24 06:22:58',	'2022-07-01 03:28:24',	NULL),
(348,	'გიორგი',	'სეფაშვილი',	NULL,	'45001032364',	'555180673',	'მამა',	'2022-06-24 06:25:35',	'2022-07-01 03:28:12',	NULL),
(349,	'შოთა',	'ფალიანი',	NULL,	'01017025138',	'599856842',	'მამა',	'2022-06-24 06:28:01',	'2022-07-01 03:28:01',	NULL),
(350,	'ზვიადი',	'ფერცულიანი',	NULL,	'12001087817',	'599495399',	'მამა',	'2022-06-24 06:32:09',	'2022-07-01 03:27:53',	NULL),
(351,	'ელშად',	'შაფიევი',	NULL,	'12001051605',	'558020180',	'მამა',	'2022-06-24 06:35:27',	'2022-07-01 03:27:48',	NULL),
(352,	'იაგუბ',	'სულეიმანოვი',	NULL,	'12001044191',	'557621077',	'მამა',	'2022-06-24 06:38:49',	'2022-07-01 03:27:18',	NULL),
(353,	'დავით',	'ხინჩაგაშვილი',	NULL,	'01001026884',	'599539831',	'მამა',	'2022-06-24 06:41:43',	'2022-07-01 03:26:41',	NULL),
(354,	'ელმურაზ',	'ჯავადოვი',	NULL,	'12650001613',	'557946944',	'მამა',	'2022-06-24 06:57:22',	'2022-06-30 17:42:56',	NULL),
(355,	'აინურა',	'ხიალოვა',	'ainura.khialova@icloud.com',	'12001082912',	'598269636',	'დედა',	'2022-06-26 11:07:49',	'2022-06-26 11:07:49',	NULL),
(356,	'ტოფიკ',	'ბაირამოვ',	NULL,	'15001024052',	'599046686',	'მამა',	'2022-06-26 23:59:39',	'2022-06-30 17:42:25',	NULL),
(357,	'მაშადი',	'გუსეინოვი',	NULL,	'12001004817',	'599891248',	'მამა',	'2022-06-27 00:10:36',	'2022-06-30 17:43:05',	NULL),
(358,	'პარვინ',	'გუსეინოვი',	NULL,	'12001098540',	'591929665',	'მამა',	'2022-06-27 00:12:40',	'2022-06-30 17:42:48',	NULL),
(359,	'შახალი',	'გაჯიევი',	NULL,	'12001031072',	'599891499',	'მამა',	'2022-06-27 00:17:14',	'2022-06-30 17:42:13',	NULL),
(360,	'სახიბ',	'გუსეინოვი',	NULL,	'12001068877',	'599474327',	'მამა',	'2022-06-27 00:19:54',	'2022-06-30 17:41:10',	NULL),
(361,	'ეიუბ',	'ეიუბოვი',	NULL,	'12001097260',	'599411638',	'მამა',	'2022-06-27 00:22:56',	'2022-06-30 17:41:02',	NULL),
(362,	'ელიმდარ',	'ეიუბოვი',	NULL,	'12001082179',	'595179344',	'მეურვის ტიპი',	'2022-06-27 00:25:12',	'2022-06-27 00:27:06',	NULL),
(363,	'ბახდიარ',	'იბრაგიმოვი',	NULL,	'12001083218',	'598677357',	'მამა',	'2022-06-27 00:43:02',	'2022-06-30 17:40:53',	NULL),
(364,	'რამილ',	'ვალიევი',	NULL,	'01817067280',	'551075395',	'მამა',	'2022-06-27 00:45:07',	'2022-06-30 17:40:45',	NULL),
(365,	'ჯანარ',	'კიარიმოვი',	NULL,	'12001091254',	'577527904',	'მეურვის ტიპი',	'2022-06-27 00:48:30',	'2022-06-27 00:48:46',	NULL),
(366,	'ნაილ',	'კადიროვი',	NULL,	'12001042494',	'557910179',	'მამა',	'2022-06-27 00:52:09',	'2022-06-30 17:40:35',	NULL),
(367,	'ტაირა',	'კურბანოვა',	NULL,	'12001087626',	'555429884',	'დედა',	'2022-06-27 00:54:14',	'2022-06-30 17:36:42',	NULL),
(368,	'აბილ',	'მამმადოვ',	NULL,	'12101108548',	'591068272',	'მამა',	'2022-06-27 00:56:49',	'2022-06-30 17:40:24',	NULL),
(369,	'სარხან',	'მამედოვი',	NULL,	'12001037481',	'568388808',	'მამა',	'2022-06-27 00:59:44',	'2022-06-30 17:39:32',	NULL),
(370,	'ნამიგ',	'მუსტაფაევი',	NULL,	'12001050575',	'599301152',	'მამა',	'2022-06-27 01:01:40',	'2022-06-30 17:39:20',	NULL),
(371,	'ნოვრასტ',	'შაფიევი',	NULL,	'12001012627',	'591610244',	'მამა',	'2022-06-27 01:06:11',	'2022-06-30 17:39:12',	NULL),
(372,	'რასიმ',	'შარიფოვ',	NULL,	'12001066098',	'551729202',	'მამა',	'2022-06-27 01:09:08',	'2022-06-30 17:39:05',	NULL),
(373,	'როიალ',	'ხალილოვი',	NULL,	'12801101220',	'593982627',	'მამა',	'2022-06-27 01:11:39',	'2022-06-30 17:38:58',	NULL),
(374,	'ილჩინ',	'ალიევი',	NULL,	'12001097258',	'599361491',	'მამა',	'2022-06-27 01:13:50',	'2022-06-30 17:38:45',	NULL),
(375,	'ჩინგიზ',	'ალიევი',	NULL,	'12001070525',	'599393136',	'მამა',	'2022-06-27 01:15:54',	'2022-06-30 17:39:40',	NULL),
(376,	'მანსურ',	'აბდულაევი',	NULL,	'28001017484',	'555485371',	'მამა',	'2022-06-27 01:20:41',	'2022-06-30 17:38:51',	NULL),
(377,	'მაზახირ',	'ასეროვი',	NULL,	'12001015023',	'591698382',	'მამა',	'2022-06-27 01:23:37',	'2022-06-30 17:38:37',	NULL),
(378,	'ქამალ',	'ალიევი',	NULL,	'12001090134',	'577360758',	'მამა',	'2022-06-27 01:25:57',	'2022-06-30 17:38:22',	NULL),
(379,	'ფარიზ',	'კიალბიევი',	NULL,	'12001042615',	'595636933',	'მამა',	'2022-06-27 01:34:20',	'2022-06-30 17:38:08',	NULL),
(380,	'რამილ',	'მუსაევი',	NULL,	'12001022619',	'591018909',	'მამა',	'2022-06-27 01:36:26',	'2022-06-30 17:37:47',	NULL),
(381,	'აიტან',	'მუსტაფაევა',	NULL,	'12001069751',	'598878358',	'დედა',	'2022-06-27 01:39:20',	'2022-06-30 17:36:57',	NULL),
(382,	'ისახან',	'მამედოვი',	NULL,	'12001096041',	'555215125',	'მამა',	'2022-06-27 01:41:06',	'2022-06-30 17:38:14',	NULL),
(383,	'ასბირან',	'მუსაევი',	NULL,	'12001005918',	'574128965',	'მამა',	'2022-06-27 01:42:55',	'2022-06-30 17:38:00',	NULL),
(384,	'ალადდინ',	'ალიევი',	NULL,	'12001089983',	'551626383',	'მამა',	'2022-06-27 01:50:21',	'2022-06-30 17:37:54',	NULL),
(385,	'ელხან',	'ალიევი',	NULL,	'12301101538',	'557645921',	'მამა',	'2022-06-27 01:52:12',	'2022-06-30 17:37:40',	NULL),
(386,	'ნურანა',	'ალიევა',	NULL,	'12001073898',	'599388728',	'მამა',	'2022-06-27 01:55:56',	'2022-06-30 17:35:47',	NULL),
(387,	'რავან',	'ალიევი',	NULL,	'12001034052',	'592045156',	'მამა',	'2022-06-27 02:00:04',	'2022-06-30 17:37:33',	NULL),
(388,	'ისლამ',	'ბაირამოვი',	NULL,	'12001069558',	'599062966',	'მამა',	'2022-06-27 02:03:07',	'2022-06-30 17:37:27',	NULL),
(389,	'ფაიგ',	'ბაირამოვი',	NULL,	'12001033162',	'599801245',	'მამა',	'2022-06-27 02:07:21',	'2022-06-30 17:37:20',	NULL),
(390,	'მაჯიდ',	'გასანოვი',	NULL,	'12001077516',	'597063916',	'მამა',	'2022-06-27 02:19:59',	'2022-06-30 17:37:12',	NULL),
(391,	'არზუ',	'ბაირამოვა',	NULL,	'12001037457',	'551545457',	'მამა',	'2022-06-27 02:23:46',	'2022-06-30 17:37:05',	NULL),
(392,	'გაბულ',	'გუსეინოვი',	NULL,	'12001052664',	'599351666',	'მამა',	'2022-06-27 02:28:53',	'2022-06-30 17:36:28',	NULL),
(393,	'ელნარ',	'გუმბატოვი',	NULL,	'12001097830',	'555935134',	'მამა',	'2022-06-27 02:33:57',	'2022-06-30 17:36:19',	NULL),
(394,	'ნატიკ',	'კარაევი',	NULL,	'12001011051',	'599535254',	'მამა',	'2022-06-27 04:31:20',	'2022-06-30 17:35:38',	NULL),
(395,	'ასკერ',	'მურადოვი',	NULL,	'12901101772',	'592187808',	'მამა',	'2022-06-27 04:33:31',	'2022-06-30 17:35:20',	NULL),
(396,	'ტურანა',	'მურადოვა',	'turanamurad0@gmail.com',	'12001094822',	'571233273',	'დედა',	'2022-06-27 12:03:40',	'2022-06-27 12:03:40',	NULL),
(397,	'თათია',	'ბორაშვილი',	'tati.borashvili@bk.ru',	'36001050990',	'598841784',	'დედა',	'2022-06-28 04:03:15',	'2022-06-28 04:03:15',	NULL),
(398,	'Mariam',	'ismailova',	'ismailovmeryem@gmail.com',	'12001099192',	'599842245',	'დედა',	'2022-06-29 04:37:43',	'2022-06-29 04:37:43',	NULL),
(399,	'ტურანე',	'გულალიევა',	'sahib3855@gmail.com',	'12001091683',	'599763190',	'დედა',	'2022-06-29 05:42:20',	'2022-06-29 05:42:20',	NULL),
(400,	'ასიფ',	'კურბანოვი',	'qurbanovsemmet@gmail.com',	'12001068134',	'599437587',	'მამა',	'2022-06-30 01:01:42',	'2022-06-30 01:01:42',	NULL),
(401,	'ალდუნ',	'ატამოვი',	'diana_dianiko2012@mail.ru',	'12001083404',	'599338012',	'მამა',	'2022-06-30 10:34:45',	'2022-06-30 10:34:45',	NULL),
(402,	'dfsf',	'dsffdsfds',	NULL,	'3434345345345345',	'2332323',	'დედა',	'2022-06-30 17:27:10',	'2022-06-30 17:38:27',	'2022-06-30 17:38:27');

DROP TABLE IF EXISTS `password_resets`;
CREATE TABLE `password_resets` (
  `email` varchar(255) COLLATE utf8mb4_unicode_ci NOT NULL,
  `token` varchar(255) COLLATE utf8mb4_unicode_ci NOT NULL,
  `created_at` timestamp NULL DEFAULT NULL,
  KEY `password_resets_email_index` (`email`)
) ENGINE=InnoDB DEFAULT CHARSET=utf8mb4 COLLATE=utf8mb4_unicode_ci;


DROP TABLE IF EXISTS `permissions`;
CREATE TABLE `permissions` (
  `id` bigint(20) unsigned NOT NULL AUTO_INCREMENT,
  `title` varchar(255) COLLATE utf8mb4_unicode_ci DEFAULT NULL,
  `created_at` timestamp NULL DEFAULT NULL,
  `updated_at` timestamp NULL DEFAULT NULL,
  `deleted_at` timestamp NULL DEFAULT NULL,
  PRIMARY KEY (`id`)
) ENGINE=InnoDB DEFAULT CHARSET=utf8mb4 COLLATE=utf8mb4_unicode_ci;

INSERT INTO `permissions` (`id`, `title`, `created_at`, `updated_at`, `deleted_at`) VALUES
(1,	'user_management_access',	NULL,	NULL,	NULL),
(2,	'permission_create',	NULL,	NULL,	NULL),
(3,	'permission_edit',	NULL,	NULL,	NULL),
(4,	'permission_show',	NULL,	NULL,	NULL),
(5,	'permission_delete',	NULL,	NULL,	NULL),
(6,	'permission_access',	NULL,	NULL,	NULL),
(7,	'role_create',	NULL,	NULL,	NULL),
(8,	'role_edit',	NULL,	NULL,	NULL),
(9,	'role_show',	NULL,	NULL,	NULL),
(10,	'role_delete',	NULL,	NULL,	NULL),
(11,	'role_access',	NULL,	NULL,	NULL),
(12,	'user_create',	NULL,	NULL,	NULL),
(13,	'user_edit',	NULL,	NULL,	NULL),
(14,	'user_show',	NULL,	NULL,	NULL),
(15,	'user_delete',	NULL,	NULL,	NULL),
(16,	'user_access',	NULL,	NULL,	NULL),
(17,	'basic_c_r_m_access',	NULL,	NULL,	NULL),
(18,	'crm_status_create',	NULL,	NULL,	NULL),
(19,	'crm_status_edit',	NULL,	NULL,	NULL),
(20,	'crm_status_show',	NULL,	NULL,	NULL),
(21,	'crm_status_delete',	NULL,	NULL,	NULL),
(22,	'crm_status_access',	NULL,	NULL,	NULL),
(23,	'crm_customer_create',	NULL,	NULL,	NULL),
(24,	'crm_customer_edit',	NULL,	NULL,	NULL),
(25,	'crm_customer_show',	NULL,	NULL,	NULL),
(26,	'crm_customer_delete',	NULL,	NULL,	NULL),
(27,	'crm_customer_access',	NULL,	NULL,	NULL),
(28,	'crm_note_create',	NULL,	NULL,	NULL),
(29,	'crm_note_edit',	NULL,	NULL,	NULL),
(30,	'crm_note_show',	NULL,	NULL,	NULL),
(31,	'crm_note_delete',	NULL,	NULL,	NULL),
(32,	'crm_note_access',	NULL,	NULL,	NULL),
(33,	'crm_document_create',	NULL,	NULL,	NULL),
(34,	'crm_document_edit',	NULL,	NULL,	NULL),
(35,	'crm_document_show',	NULL,	NULL,	NULL),
(36,	'crm_document_delete',	NULL,	NULL,	NULL),
(37,	'crm_document_access',	NULL,	NULL,	NULL),
(38,	'kindergarden_branch_create',	NULL,	NULL,	NULL),
(39,	'kindergarden_branch_edit',	NULL,	NULL,	NULL),
(40,	'kindergarden_branch_show',	NULL,	NULL,	NULL),
(41,	'kindergarden_branch_delete',	NULL,	NULL,	NULL),
(42,	'kindergarden_branch_access',	NULL,	NULL,	NULL),
(43,	'kindergarden_group_create',	NULL,	NULL,	NULL),
(44,	'kindergarden_group_edit',	NULL,	NULL,	NULL),
(45,	'kindergarden_group_show',	NULL,	NULL,	NULL),
(46,	'kindergarden_group_delete',	NULL,	NULL,	NULL),
(47,	'kindergarden_group_access',	NULL,	NULL,	NULL),
(48,	'kid_create',	NULL,	NULL,	NULL),
(49,	'kid_edit',	NULL,	NULL,	NULL),
(50,	'kid_show',	NULL,	NULL,	NULL),
(51,	'kid_delete',	NULL,	NULL,	NULL),
(52,	'kid_access',	NULL,	NULL,	NULL),
(53,	'parent_guardian_create',	NULL,	NULL,	NULL),
(54,	'parent_guardian_edit',	NULL,	NULL,	NULL),
(55,	'parent_guardian_show',	NULL,	NULL,	NULL),
(56,	'parent_guardian_delete',	NULL,	NULL,	NULL),
(57,	'parent_guardian_access',	NULL,	NULL,	NULL),
(58,	'profile_password_edit',	NULL,	NULL,	NULL),
(59,	'index_text_edit',	'2022-02-17 12:14:53',	'2022-02-17 12:14:53',	NULL),
(60,	'mail_access',	'2022-02-17 13:11:50',	'2022-02-17 13:11:50',	NULL),
(61,	'mail_show',	'2022-02-17 13:11:58',	'2022-02-17 13:11:58',	NULL);

DROP TABLE IF EXISTS `permission_role`;
CREATE TABLE `permission_role` (
  `role_id` bigint(20) unsigned NOT NULL,
  `permission_id` bigint(20) unsigned NOT NULL,
  KEY `role_id_fk_5655602` (`role_id`),
  KEY `permission_id_fk_5655602` (`permission_id`),
  CONSTRAINT `permission_id_fk_5655602` FOREIGN KEY (`permission_id`) REFERENCES `permissions` (`id`) ON DELETE CASCADE,
  CONSTRAINT `role_id_fk_5655602` FOREIGN KEY (`role_id`) REFERENCES `roles` (`id`) ON DELETE CASCADE
) ENGINE=InnoDB DEFAULT CHARSET=utf8mb4 COLLATE=utf8mb4_unicode_ci;

INSERT INTO `permission_role` (`role_id`, `permission_id`) VALUES
(1,	1),
(1,	2),
(1,	3),
(1,	4),
(1,	5),
(1,	6),
(1,	7),
(1,	8),
(1,	9),
(1,	10),
(1,	11),
(1,	12),
(1,	13),
(1,	14),
(1,	15),
(1,	16),
(1,	17),
(1,	18),
(1,	19),
(1,	20),
(1,	21),
(1,	22),
(1,	23),
(1,	24),
(1,	25),
(1,	26),
(1,	27),
(1,	28),
(1,	29),
(1,	30),
(1,	31),
(1,	32),
(1,	33),
(1,	34),
(1,	35),
(1,	36),
(1,	37),
(1,	38),
(1,	39),
(1,	40),
(1,	41),
(1,	42),
(1,	43),
(1,	44),
(1,	45),
(1,	46),
(1,	47),
(1,	48),
(1,	49),
(1,	50),
(1,	51),
(1,	52),
(1,	53),
(1,	54),
(1,	55),
(1,	56),
(1,	57),
(1,	58),
(2,	17),
(2,	18),
(2,	19),
(2,	20),
(2,	21),
(2,	22),
(2,	23),
(2,	24),
(2,	25),
(2,	26),
(2,	27),
(2,	28),
(2,	29),
(2,	30),
(2,	31),
(2,	32),
(2,	33),
(2,	34),
(2,	35),
(2,	36),
(2,	37),
(2,	38),
(2,	39),
(2,	40),
(2,	41),
(2,	42),
(2,	43),
(2,	44),
(2,	45),
(2,	46),
(2,	47),
(2,	48),
(2,	49),
(2,	50),
(2,	51),
(2,	52),
(2,	53),
(2,	54),
(2,	55),
(2,	56),
(2,	57),
(2,	58),
(1,	59),
(1,	60),
(1,	61);

DROP TABLE IF EXISTS `received_mails`;
CREATE TABLE `received_mails` (
  `id` bigint(20) unsigned NOT NULL AUTO_INCREMENT,
  `name` varchar(255) COLLATE utf8mb4_unicode_ci DEFAULT NULL,
  `lastname` varchar(255) COLLATE utf8mb4_unicode_ci DEFAULT NULL,
  `phone_number` varchar(255) COLLATE utf8mb4_unicode_ci DEFAULT NULL,
  `email` varchar(255) COLLATE utf8mb4_unicode_ci DEFAULT NULL,
  `content` longtext COLLATE utf8mb4_unicode_ci DEFAULT NULL,
  `created_at` timestamp NULL DEFAULT NULL,
  `updated_at` timestamp NULL DEFAULT NULL,
  PRIMARY KEY (`id`)
) ENGINE=InnoDB DEFAULT CHARSET=utf8mb4 COLLATE=utf8mb4_unicode_ci;

INSERT INTO `received_mails` (`id`, `name`, `lastname`, `phone_number`, `email`, `content`, `created_at`, `updated_at`) VALUES
(1,	'აბბას',	'გაჯიევი',	'+995 577 42 48 55',	'abbas.gajiev@gmail.com',	'Gamarjobat, chem shvils minda registracia gaviaro bagshi #2 Manana kalbatonis bagshi leselidze #1 da am saitze registracias vaketeb yvelafers vwer rac unda magram bolos ver shvreba registracias da ru vuyo',	'2022-06-29 11:20:27',	'2022-06-29 11:20:27'),
(2,	'თეონა',	'გულიტაშვილი',	'577553762',	'giosidiani88_88@mail.ru',	'gamarjobat,bavshvis shemoyvana minda gardabnis nomer meore bagshi da ver varegistrireb,araa jer dawyebuli registracia tu rogoraa?iqneb gamarkviot,madloba winaswar',	'2022-07-17 11:21:03',	'2022-07-17 11:21:03');

DROP TABLE IF EXISTS `roles`;
CREATE TABLE `roles` (
  `id` bigint(20) unsigned NOT NULL AUTO_INCREMENT,
  `title` varchar(255) COLLATE utf8mb4_unicode_ci DEFAULT NULL,
  `created_at` timestamp NULL DEFAULT NULL,
  `updated_at` timestamp NULL DEFAULT NULL,
  `deleted_at` timestamp NULL DEFAULT NULL,
  PRIMARY KEY (`id`)
) ENGINE=InnoDB DEFAULT CHARSET=utf8mb4 COLLATE=utf8mb4_unicode_ci;

INSERT INTO `roles` (`id`, `title`, `created_at`, `updated_at`, `deleted_at`) VALUES
(1,	'Admin',	NULL,	NULL,	NULL),
(2,	'User',	NULL,	NULL,	NULL);

DROP TABLE IF EXISTS `role_user`;
CREATE TABLE `role_user` (
  `user_id` bigint(20) unsigned NOT NULL,
  `role_id` bigint(20) unsigned NOT NULL,
  KEY `user_id_fk_5655611` (`user_id`),
  KEY `role_id_fk_5655611` (`role_id`),
  CONSTRAINT `role_id_fk_5655611` FOREIGN KEY (`role_id`) REFERENCES `roles` (`id`) ON DELETE CASCADE,
  CONSTRAINT `user_id_fk_5655611` FOREIGN KEY (`user_id`) REFERENCES `users` (`id`) ON DELETE CASCADE
) ENGINE=InnoDB DEFAULT CHARSET=utf8mb4 COLLATE=utf8mb4_unicode_ci;

INSERT INTO `role_user` (`user_id`, `role_id`) VALUES
(1,	1);

DROP TABLE IF EXISTS `users`;
CREATE TABLE `users` (
  `id` bigint(20) unsigned NOT NULL AUTO_INCREMENT,
  `name` varchar(255) COLLATE utf8mb4_unicode_ci NOT NULL,
  `email` varchar(255) COLLATE utf8mb4_unicode_ci NOT NULL,
  `email_verified_at` datetime DEFAULT NULL,
  `password` varchar(255) COLLATE utf8mb4_unicode_ci NOT NULL,
  `remember_token` varchar(255) COLLATE utf8mb4_unicode_ci DEFAULT NULL,
  `created_at` timestamp NULL DEFAULT NULL,
  `updated_at` timestamp NULL DEFAULT NULL,
  `deleted_at` timestamp NULL DEFAULT NULL,
  PRIMARY KEY (`id`),
  UNIQUE KEY `users_email_unique` (`email`)
) ENGINE=InnoDB DEFAULT CHARSET=utf8mb4 COLLATE=utf8mb4_unicode_ci;

INSERT INTO `users` (`id`, `name`, `email`, `email_verified_at`, `password`, `remember_token`, `created_at`, `updated_at`, `deleted_at`) VALUES
(1,	'Admin',	'admin@admin.com',	NULL,	'$2y$10$vKcrcUuo0HvQtbLZUdlNgeNoGLAuhnfSUsFfoaf4sjweQGpEBe1Tu',	NULL,	NULL,	NULL,	NULL);

-- 2022-07-19 07:55:46